instrument,date,total_volume,buying_volume,selling_volume,delta,product_code
BOF27-H27,2026-09-01,6200,2547,3653,-1106,BO
BOF27-H27,2026-09-02,3768,2162,1606,556,BO
BOF27-H27,2026-09-03,5193,2130,3063,-933,BO
BOF27-H27,2026-09-04,3448,2208,1240,968,BO
BOF27-H27,2026-09-08,5185,2596,2589,7,BO
BOF27-H27,2026-09-09,5969,2653,3316,-663,BO
BOF27-H27,2026-09-10,7495,4978,2517,2461,BO
BOF27-H27,2026-09-11,8281,4366,3915,451,BO
BOF27-H27,2026-09-14,5849,3416,2433,983,BO
BOF27-H27,2026-09-15,4135,2491,1644,847,BO
BOF27-H27,2026-09-16,3610,1826,1784,42,BO
BOF27-H27,2026-09-17,3216,1695,1521,174,BO
BOF27-H27,2026-09-18,2709,1325,1384,-59,BO
BOF27-H27,2026-09-21,3808,2311,1497,814,BO
BOF27-H27,2026-09-22,3182,1550,1632,-82,BO
BOF27-H27,2026-09-23,4477,2252,2225,27,BO
BOF27-H27,2026-09-24,4974,1861,3113,-1252,BO
BOF27-H27,2026-09-25,4479,2676,1803,873,BO
BOF27-H27,2026-09-28,7859,3901,3958,-57,BO
BOF27-H27,2026-09-29,10678,4992,5686,-694,BO
BOF27-H27,2026-09-30,6420,3978,2442,1536,BO
BOF27-K27,2026-09-01,911,592,319,273,BO
BOF27-K27,2026-09-02,899,514,385,129,BO
BOF27-K27,2026-09-03,1656,482,1174,-692,BO
BOF27-K27,2026-09-04,648,245,403,-158,BO
BOF27-K27,2026-09-08,683,413,270,143,BO
BOF27-K27,2026-09-09,1273,613,660,-47,BO
BOF27-K27,2026-09-10,1852,1594,258,1336,BO
BOF27-K27,2026-09-11,2153,1190,963,227,BO
BOF27-K27,2026-09-14,955,350,605,-255,BO
BOF27-K27,2026-09-15,550,248,302,-54,BO
BOF27-K27,2026-09-16,268,95,173,-78,BO
BOF27-K27,2026-09-17,1625,656,969,-313,BO
BOF27-K27,2026-09-18,357,216,141,75,BO
BOF27-K27,2026-09-21,485,281,204,77,BO
BOF27-K27,2026-09-22,729,250,479,-229,BO
BOF27-K27,2026-09-23,555,267,288,-21,BO
BOF27-K27,2026-09-24,369,161,208,-47,BO
BOF27-K27,2026-09-25,372,228,144,84,BO
BOF27-K27,2026-09-28,742,340,402,-62,BO
BOF27-K27,2026-09-29,388,198,190,8,BO
BOF27-K27,2026-09-30,511,320,191,129,BO
BOF27-N27,2026-09-01,722,203,519,-316,BO
BOF27-N27,2026-09-02,184,95,89,6,BO
BOF27-N27,2026-09-03,313,196,117,79,BO
BOF27-N27,2026-09-04,266,161,105,56,BO
BOF27-N27,2026-09-08,817,228,589,-361,BO
BOF27-N27,2026-09-09,130,61,69,-8,BO
BOF27-N27,2026-09-10,224,167,57,110,BO
BOF27-N27,2026-09-11,695,349,346,3,BO
BOF27-N27,2026-09-14,132,57,75,-18,BO
BOF27-N27,2026-09-15,275,174,101,73,BO
BOF27-N27,2026-09-16,151,85,66,19,BO
BOF27-N27,2026-09-17,481,126,355,-229,BO
BOF27-N27,2026-09-18,479,418,61,357,BO
BOF27-N27,2026-09-21,276,159,117,42,BO
BOF27-N27,2026-09-22,228,84,144,-60,BO
BOF27-N27,2026-09-23,228,97,131,-34,BO
BOF27-N27,2026-09-24,387,208,179,29,BO
BOF27-N27,2026-09-25,439,250,189,61,BO
BOF27-N27,2026-09-28,262,114,148,-34,BO
BOF27-N27,2026-09-29,627,241,386,-145,BO
BOF27-N27,2026-09-30,237,91,146,-55,BO
BOF27-Q27,2026-09-01,163,45,118,-73,BO
BOF27-Q27,2026-09-03,3,1,2,-1,BO
BOF27-Q27,2026-09-04,15,10,5,5,BO
BOF27-Q27,2026-09-08,18,12,6,6,BO
BOF27-Q27,2026-09-09,14,13,1,12,BO
BOF27-Q27,2026-09-10,13,12,1,11,BO
BOF27-Q27,2026-09-11,14,2,12,-10,BO
BOF27-Q27,2026-09-14,19,6,13,-7,BO
BOF27-Q27,2026-09-15,11,9,2,7,BO
BOF27-Q27,2026-09-16,24,24,0,24,BO
BOF27-Q27,2026-09-17,39,13,26,-13,BO
BOF27-Q27,2026-09-18,4,3,1,2,BO
BOF27-Q27,2026-09-21,26,23,3,20,BO
BOF27-Q27,2026-09-22,25,16,9,7,BO
BOF27-Q27,2026-09-23,20,11,9,2,BO
BOF27-Q27,2026-09-24,19,3,16,-13,BO
BOF27-Q27,2026-09-25,29,12,17,-5,BO
BOF27-Q27,2026-09-28,47,17,30,-13,BO
BOF27-Q27,2026-09-29,11,8,3,5,BO
BOF27-Q27,2026-09-30,99,56,43,13,BO
BOF27-U27,2026-09-01,58,0,58,-58,BO
BOF27-U27,2026-09-03,7,3,4,-1,BO
BOF27-U27,2026-09-04,10,6,4,2,BO
BOF27-U27,2026-09-08,3,2,1,1,BO
BOF27-U27,2026-09-09,10,9,1,8,BO
BOF27-U27,2026-09-10,8,7,1,6,BO
BOF27-U27,2026-09-11,14,9,5,4,BO
BOF27-U27,2026-09-14,11,3,8,-5,BO
BOF27-U27,2026-09-15,3,3,0,3,BO
BOF27-U27,2026-09-16,2,2,0,2,BO
BOF27-U27,2026-09-17,8,3,5,-2,BO
BOF27-U27,2026-09-18,2,2,0,2,BO
BOF27-U27,2026-09-21,19,17,2,15,BO
BOF27-U27,2026-09-23,9,4,5,-1,BO
BOF27-U27,2026-09-24,7,1,6,-5,BO
BOF27-U27,2026-09-25,9,6,3,3,BO
BOF27-U27,2026-09-28,22,7,15,-8,BO
BOF27-U27,2026-09-29,2,2,0,2,BO
BOF27-U27,2026-09-30,21,12,9,3,BO
BOF27-V27,2026-09-25,1,1,0,1,BO
BOF27-Z27,2026-09-01,90,0,90,-90,BO
BOF27-Z27,2026-09-04,12,0,12,-12,BO
BOF27-Z27,2026-09-09,7,6,1,5,BO
BOF27-Z27,2026-09-10,5,0,5,-5,BO
BOH27-K27,2026-09-01,4345,2415,1930,485,BO
BOH27-K27,2026-09-02,2075,1145,930,215,BO
BOH27-K27,2026-09-03,2794,1270,1524,-254,BO
BOH27-K27,2026-09-04,1332,637,695,-58,BO
BOH27-K27,2026-09-08,4543,2581,1962,619,BO
BOH27-K27,2026-09-09,2778,1344,1434,-90,BO
BOH27-K27,2026-09-10,2768,1849,919,930,BO
BOH27-K27,2026-09-11,3169,1308,1861,-553,BO
BOH27-K27,2026-09-14,2394,1158,1236,-78,BO
BOH27-K27,2026-09-15,2050,1218,832,386,BO
BOH27-K27,2026-09-16,1751,765,986,-221,BO
BOH27-K27,2026-09-17,2355,1396,959,437,BO
BOH27-K27,2026-09-18,1369,776,593,183,BO
BOH27-K27,2026-09-21,1947,1081,866,215,BO
BOH27-K27,2026-09-22,1767,883,884,-1,BO
BOH27-K27,2026-09-23,1862,690,1172,-482,BO
BOH27-K27,2026-09-24,2565,1298,1267,31,BO
BOH27-K27,2026-09-25,3355,2114,1241,873,BO
BOH27-K27,2026-09-28,2632,1140,1492,-352,BO
BOH27-K27,2026-09-29,3348,1242,2106,-864,BO
BOH27-K27,2026-09-30,3495,1937,1558,379,BO
BOH27-N27,2026-09-01,862,382,480,-98,BO
BOH27-N27,2026-09-02,381,188,193,-5,BO
BOH27-N27,2026-09-03,489,266,223,43,BO
BOH27-N27,2026-09-04,362,199,163,36,BO
BOH27-N27,2026-09-08,720,363,357,6,BO
BOH27-N27,2026-09-09,831,494,337,157,BO
BOH27-N27,2026-09-10,366,187,179,8,BO
BOH27-N27,2026-09-11,387,184,203,-19,BO
BOH27-N27,2026-09-14,241,141,100,41,BO
BOH27-N27,2026-09-15,422,205,217,-12,BO
BOH27-N27,2026-09-16,485,229,256,-27,BO
BOH27-N27,2026-09-17,621,295,326,-31,BO
BOH27-N27,2026-09-18,693,450,243,207,BO
BOH27-N27,2026-09-21,601,306,295,11,BO
BOH27-N27,2026-09-22,427,128,299,-171,BO
BOH27-N27,2026-09-23,970,587,383,204,BO
BOH27-N27,2026-09-24,505,214,291,-77,BO
BOH27-N27,2026-09-25,1584,532,1052,-520,BO
BOH27-N27,2026-09-28,654,240,414,-174,BO
BOH27-N27,2026-09-29,966,683,283,400,BO
BOH27-N27,2026-09-30,323,134,189,-55,BO
BOH27-Q27,2026-09-01,66,33,33,0,BO
BOH27-Q27,2026-09-02,1,0,1,-1,BO
BOH27-Q27,2026-09-03,20,11,9,2,BO
BOH27-Q27,2026-09-04,14,6,8,-2,BO
BOH27-Q27,2026-09-08,39,23,16,7,BO
BOH27-Q27,2026-09-09,44,30,14,16,BO
BOH27-Q27,2026-09-10,19,14,5,9,BO
BOH27-Q27,2026-09-11,34,16,18,-2,BO
BOH27-Q27,2026-09-14,31,13,18,-5,BO
BOH27-Q27,2026-09-15,47,25,22,3,BO
BOH27-Q27,2026-09-16,33,23,10,13,BO
BOH27-Q27,2026-09-17,99,51,48,3,BO
BOH27-Q27,2026-09-18,26,12,14,-2,BO
BOH27-Q27,2026-09-21,401,106,295,-189,BO
BOH27-Q27,2026-09-22,125,59,66,-7,BO
BOH27-Q27,2026-09-23,42,25,17,8,BO
BOH27-Q27,2026-09-24,70,30,40,-10,BO
BOH27-Q27,2026-09-25,89,43,46,-3,BO
BOH27-Q27,2026-09-28,619,176,443,-267,BO
BOH27-Q27,2026-09-29,50,32,18,14,BO
BOH27-Q27,2026-09-30,37,22,15,7,BO
BOH27-U27,2026-09-25,4,0,4,-4,BO
BOH27-U27,2026-09-29,1,0,1,-1,BO
BOH27-V27,2026-09-01,67,0,67,-67,BO
BOH27-V27,2026-09-03,3,2,1,1,BO
BOH27-V27,2026-09-04,1,1,0,1,BO
BOH27-V27,2026-09-09,17,17,0,17,BO
BOH27-V27,2026-09-10,4,4,0,4,BO
BOH27-Z27,2026-09-01,10,9,1,8,BO
BOH27-Z27,2026-09-04,2,0,2,-2,BO
BOK27-N27,2026-09-01,2985,1535,1450,85,BO
BOK27-N27,2026-09-02,1237,566,671,-105,BO
BOK27-N27,2026-09-03,1822,935,887,48,BO
BOK27-N27,2026-09-04,644,320,324,-4,BO
BOK27-N27,2026-09-08,5734,3683,2051,1632,BO
BOK27-N27,2026-09-09,2639,1823,816,1007,BO
BOK27-N27,2026-09-10,1437,906,531,375,BO
BOK27-N27,2026-09-11,1676,549,1127,-578,BO
BOK27-N27,2026-09-14,1605,911,694,217,BO
BOK27-N27,2026-09-15,1131,500,631,-131,BO
BOK27-N27,2026-09-16,1596,548,1048,-500,BO
BOK27-N27,2026-09-17,4339,2897,1442,1455,BO
BOK27-N27,2026-09-18,1604,900,704,196,BO
BOK27-N27,2026-09-21,870,418,452,-34,BO
BOK27-N27,2026-09-22,1375,427,948,-521,BO
BOK27-N27,2026-09-23,1181,427,754,-327,BO
BOK27-N27,2026-09-24,4313,1920,2393,-473,BO
BOK27-N27,2026-09-25,3006,1995,1011,984,BO
BOK27-N27,2026-09-28,2082,796,1286,-490,BO
BOK27-N27,2026-09-29,2062,993,1069,-76,BO
BOK27-N27,2026-09-30,1423,620,803,-183,BO
BOK27-Q27,2026-09-01,193,67,126,-59,BO
BOK27-Q27,2026-09-02,65,32,33,-1,BO
BOK27-Q27,2026-09-03,95,38,57,-19,BO
BOK27-Q27,2026-09-04,57,28,29,-1,BO
BOK27-Q27,2026-09-08,116,73,43,30,BO
BOK27-Q27,2026-09-09,54,32,22,10,BO
BOK27-Q27,2026-09-10,55,31,24,7,BO
BOK27-Q27,2026-09-11,108,53,55,-2,BO
BOK27-Q27,2026-09-14,83,52,31,21,BO
BOK27-Q27,2026-09-15,72,44,28,16,BO
BOK27-Q27,2026-09-16,107,63,44,19,BO
BOK27-Q27,2026-09-17,126,59,67,-8,BO
BOK27-Q27,2026-09-18,55,37,18,19,BO
BOK27-Q27,2026-09-21,323,280,43,237,BO
BOK27-Q27,2026-09-22,46,18,28,-10,BO
BOK27-Q27,2026-09-23,75,43,32,11,BO
BOK27-Q27,2026-09-24,84,43,41,2,BO
BOK27-Q27,2026-09-25,85,30,55,-25,BO
BOK27-Q27,2026-09-28,169,82,87,-5,BO
BOK27-Q27,2026-09-29,76,36,40,-4,BO
BOK27-Q27,2026-09-30,43,17,26,-9,BO
BOK27-U27,2026-09-01,1,0,1,-1,BO
BOK27-U27,2026-09-11,1,0,1,-1,BO
BOK27-U27,2026-09-17,54,52,2,50,BO
BOK27-U27,2026-09-18,107,105,2,103,BO
BOK27-U27,2026-09-22,3,0,3,-3,BO
BOK27-U27,2026-09-23,36,27,9,18,BO
BOK27-U27,2026-09-24,6,1,5,-4,BO
BOK27-U27,2026-09-25,4,1,3,-2,BO
BOK27-U27,2026-09-28,1,0,1,-1,BO
BOK27-U27,2026-09-29,2,2,0,2,BO
BOK27-U27,2026-09-30,20,9,11,-2,BO
BOK27-Z27,2026-09-01,50,50,0,50,BO
BOK27-Z27,2026-09-02,4,4,0,4,BO
BOK27-Z27,2026-09-03,50,50,0,50,BO
BOK27-Z27,2026-09-04,8,0,8,-8,BO
BOK27-Z27,2026-09-09,7,3,4,-1,BO
BOK27-Z27,2026-09-10,6,6,0,6,BO
BOK27-Z27,2026-09-11,7,1,6,-5,BO
BOK27-Z27,2026-09-14,4,3,1,2,BO
BOK27-Z27,2026-09-15,2,0,2,-2,BO
BOK27-Z27,2026-09-28,5,5,0,5,BO
BOK27-Z27,2026-09-29,20,20,0,20,BO
BON27-Q27,2026-09-01,1121,560,561,-1,BO
BON27-Q27,2026-09-02,148,44,104,-60,BO
BON27-Q27,2026-09-03,335,149,186,-37,BO
BON27-Q27,2026-09-04,125,42,83,-41,BO
BON27-Q27,2026-09-08,1303,712,591,121,BO
BON27-Q27,2026-09-09,495,279,216,63,BO
BON27-Q27,2026-09-10,299,120,179,-59,BO
BON27-Q27,2026-09-11,1179,158,1021,-863,BO
BON27-Q27,2026-09-14,1407,832,575,257,BO
BON27-Q27,2026-09-15,408,210,198,12,BO
BON27-Q27,2026-09-16,225,124,101,23,BO
BON27-Q27,2026-09-17,1380,681,699,-18,BO
BON27-Q27,2026-09-18,369,180,189,-9,BO
BON27-Q27,2026-09-21,789,361,428,-67,BO
BON27-Q27,2026-09-22,365,98,267,-169,BO
BON27-Q27,2026-09-23,352,135,217,-82,BO
BON27-Q27,2026-09-24,986,540,446,94,BO
BON27-Q27,2026-09-25,746,432,314,118,BO
BON27-Q27,2026-09-28,577,267,310,-43,BO
BON27-Q27,2026-09-29,447,183,264,-81,BO
BON27-Q27,2026-09-30,344,223,121,102,BO
BON27-U27,2026-09-01,28,23,5,18,BO
BON27-U27,2026-09-02,31,5,26,-21,BO
BON27-U27,2026-09-03,44,19,25,-6,BO
BON27-U27,2026-09-04,23,6,17,-11,BO
BON27-U27,2026-09-08,39,37,2,35,BO
BON27-U27,2026-09-09,19,5,14,-9,BO
BON27-U27,2026-09-10,34,32,2,30,BO
BON27-U27,2026-09-11,46,15,31,-16,BO
BON27-U27,2026-09-14,58,10,48,-38,BO
BON27-U27,2026-09-15,29,8,21,-13,BO
BON27-U27,2026-09-16,6,3,3,0,BO
BON27-U27,2026-09-17,98,51,47,4,BO
BON27-U27,2026-09-18,79,37,42,-5,BO
BON27-U27,2026-09-21,75,51,24,27,BO
BON27-U27,2026-09-22,16,10,6,4,BO
BON27-U27,2026-09-23,13,9,4,5,BO
BON27-U27,2026-09-24,66,21,45,-24,BO
BON27-U27,2026-09-25,31,7,24,-17,BO
BON27-U27,2026-09-28,161,57,104,-47,BO
BON27-U27,2026-09-29,29,12,17,-5,BO
BON27-U27,2026-09-30,58,43,15,28,BO
BON27-V27,2026-09-09,4,4,0,4,BO
BON27-V27,2026-09-10,7,7,0,7,BO
BON27-V27,2026-09-29,1,1,0,1,BO
BON27-Z27,2026-09-01,272,158,114,44,BO
BON27-Z27,2026-09-02,109,41,68,-27,BO
BON27-Z27,2026-09-03,384,166,218,-52,BO
BON27-Z27,2026-09-04,316,118,198,-80,BO
BON27-Z27,2026-09-08,195,96,99,-3,BO
BON27-Z27,2026-09-09,488,250,238,12,BO
BON27-Z27,2026-09-10,289,214,75,139,BO
BON27-Z27,2026-09-11,626,161,465,-304,BO
BON27-Z27,2026-09-14,210,96,114,-18,BO
BON27-Z27,2026-09-15,167,84,83,1,BO
BON27-Z27,2026-09-16,195,89,106,-17,BO
BON27-Z27,2026-09-17,876,240,636,-396,BO
BON27-Z27,2026-09-18,542,209,333,-124,BO
BON27-Z27,2026-09-21,471,213,258,-45,BO
BON27-Z27,2026-09-22,329,93,236,-143,BO
BON27-Z27,2026-09-23,492,191,301,-110,BO
BON27-Z27,2026-09-24,512,181,331,-150,BO
BON27-Z27,2026-09-25,501,268,233,35,BO
BON27-Z27,2026-09-28,419,216,203,13,BO
BON27-Z27,2026-09-29,766,486,280,206,BO
BON27-Z27,2026-09-30,472,136,336,-200,BO
BOQ27-U27,2026-09-01,485,221,264,-43,BO
BOQ27-U27,2026-09-02,134,9,125,-116,BO
BOQ27-U27,2026-09-03,192,91,101,-10,BO
BOQ27-U27,2026-09-04,139,56,83,-27,BO
BOQ27-U27,2026-09-08,260,116,144,-28,BO
BOQ27-U27,2026-09-09,137,57,80,-23,BO
BOQ27-U27,2026-09-10,172,112,60,52,BO
BOQ27-U27,2026-09-11,414,171,243,-72,BO
BOQ27-U27,2026-09-14,316,118,198,-80,BO
BOQ27-U27,2026-09-15,341,152,189,-37,BO
BOQ27-U27,2026-09-16,158,62,96,-34,BO
BOQ27-U27,2026-09-17,657,191,466,-275,BO
BOQ27-U27,2026-09-18,378,118,260,-142,BO
BOQ27-U27,2026-09-21,221,129,92,37,BO
BOQ27-U27,2026-09-22,158,69,89,-20,BO
BOQ27-U27,2026-09-23,189,49,140,-91,BO
BOQ27-U27,2026-09-24,204,93,111,-18,BO
BOQ27-U27,2026-09-25,476,240,236,4,BO
BOQ27-U27,2026-09-28,454,108,346,-238,BO
BOQ27-U27,2026-09-29,335,182,153,29,BO
BOQ27-U27,2026-09-30,196,107,89,18,BO
BOQ27-V27,2026-09-01,3,3,0,3,BO
BOQ27-V27,2026-09-02,2,2,0,2,BO
BOQ27-V27,2026-09-03,5,5,0,5,BO
BOQ27-V27,2026-09-04,23,12,11,1,BO
BOQ27-V27,2026-09-14,1,0,1,-1,BO
BOQ27-V27,2026-09-22,2,0,2,-2,BO
BOQ27-V27,2026-09-23,3,0,3,-3,BO
BOQ27-V27,2026-09-24,1,1,0,1,BO
BOQ27-V27,2026-09-25,3,0,3,-3,BO
BOQ27-V27,2026-09-29,15,6,9,-3,BO
BOQ27-V27,2026-09-30,13,8,5,3,BO
BOQ27-Z27,2026-09-01,19,19,0,19,BO
BOQ27-Z27,2026-09-02,16,16,0,16,BO
BOQ27-Z27,2026-09-03,12,11,1,10,BO
BOQ27-Z27,2026-09-04,4,0,4,-4,BO
BOQ27-Z27,2026-09-09,4,3,1,2,BO
BOQ27-Z27,2026-09-10,2,0,2,-2,BO
BOQ27-Z27,2026-09-25,1,1,0,1,BO
BOU26-V26,2026-09-01,2182,2052,130,1922,BO
BOU26-V26,2026-09-02,387,345,42,303,BO
BOU26-V26,2026-09-03,104,36,68,-32,BO
BOU26-V26,2026-09-04,52,52,0,52,BO
BOU26-V26,2026-09-08,1,1,0,1,BO
BOU26-V26,2026-09-09,7,7,0,7,BO
BOU26-V26,2026-09-10,157,47,110,-63,BO
BOU26-V26,2026-09-11,8,8,0,8,BO
BOU26-V26,2026-09-14,10,1,9,-8,BO
BOU26-Z26,2026-09-01,11,0,11,-11,BO
BOU26-Z26,2026-09-02,2,2,0,2,BO
BOU26-Z26,2026-09-08,1,1,0,1,BO
BOU27-V27,2026-09-01,143,87,56,31,BO
BOU27-V27,2026-09-02,35,16,19,-3,BO
BOU27-V27,2026-09-03,124,71,53,18,BO
BOU27-V27,2026-09-04,63,24,39,-15,BO
BOU27-V27,2026-09-08,92,73,19,54,BO
BOU27-V27,2026-09-09,190,126,64,62,BO
BOU27-V27,2026-09-10,148,124,24,100,BO
BOU27-V27,2026-09-11,302,186,116,70,BO
BOU27-V27,2026-09-14,196,74,122,-48,BO
BOU27-V27,2026-09-15,157,60,97,-37,BO
BOU27-V27,2026-09-16,113,73,40,33,BO
BOU27-V27,2026-09-17,392,185,207,-22,BO
BOU27-V27,2026-09-18,243,169,74,95,BO
BOU27-V27,2026-09-21,157,98,59,39,BO
BOU27-V27,2026-09-22,64,24,40,-16,BO
BOU27-V27,2026-09-23,98,50,48,2,BO
BOU27-V27,2026-09-24,191,105,86,19,BO
BOU27-V27,2026-09-25,253,91,162,-71,BO
BOU27-V27,2026-09-28,156,68,88,-20,BO
BOU27-V27,2026-09-29,200,70,130,-60,BO
BOU27-V27,2026-09-30,141,48,93,-45,BO
BOU27-Z27,2026-09-03,2,0,2,-2,BO
BOU27-Z27,2026-09-09,1,1,0,1,BO
BOU27-Z27,2026-09-18,1,0,1,-1,BO
BOU27-Z27,2026-09-24,1,0,1,-1,BO
BOU27-Z27,2026-09-25,1,0,1,-1,BO
BOV26-F27,2026-09-01,3387,2099,1288,811,BO
BOV26-F27,2026-09-02,2687,1177,1510,-333,BO
BOV26-F27,2026-09-03,2774,1243,1531,-288,BO
BOV26-F27,2026-09-04,2313,1130,1183,-53,BO
BOV26-F27,2026-09-08,1902,899,1003,-104,BO
BOV26-F27,2026-09-09,2063,994,1069,-75,BO
BOV26-F27,2026-09-10,3517,1237,2280,-1043,BO
BOV26-F27,2026-09-11,2206,1128,1078,50,BO
BOV26-F27,2026-09-14,1955,978,977,1,BO
BOV26-F27,2026-09-15,1181,605,576,29,BO
BOV26-F27,2026-09-16,1171,664,507,157,BO
BOV26-F27,2026-09-17,1721,774,947,-173,BO
BOV26-F27,2026-09-18,1367,710,657,53,BO
BOV26-F27,2026-09-21,1106,607,499,108,BO
BOV26-F27,2026-09-22,1665,1095,570,525,BO
BOV26-F27,2026-09-23,899,446,453,-7,BO
BOV26-F27,2026-09-24,3337,2218,1119,1099,BO
BOV26-F27,2026-09-25,3206,1368,1838,-470,BO
BOV26-F27,2026-09-28,682,329,353,-24,BO
BOV26-F27,2026-09-29,652,165,487,-322,BO
BOV26-F27,2026-09-30,12,10,2,8,BO
BOV26-H27,2026-09-01,2508,1657,851,806,BO
BOV26-H27,2026-09-02,1170,515,655,-140,BO
BOV26-H27,2026-09-03,896,483,413,70,BO
BOV26-H27,2026-09-04,944,527,417,110,BO
BOV26-H27,2026-09-08,769,279,490,-211,BO
BOV26-H27,2026-09-09,865,405,460,-55,BO
BOV26-H27,2026-09-10,906,606,300,306,BO
BOV26-H27,2026-09-11,1132,603,529,74,BO
BOV26-H27,2026-09-14,661,403,258,145,BO
BOV26-H27,2026-09-15,1087,501,586,-85,BO
BOV26-H27,2026-09-16,551,318,233,85,BO
BOV26-H27,2026-09-17,1808,1191,617,574,BO
BOV26-H27,2026-09-18,519,237,282,-45,BO
BOV26-H27,2026-09-21,979,695,284,411,BO
BOV26-H27,2026-09-22,728,423,305,118,BO
BOV26-H27,2026-09-23,1085,715,370,345,BO
BOV26-H27,2026-09-24,680,394,286,108,BO
BOV26-H27,2026-09-25,1036,476,560,-84,BO
BOV26-H27,2026-09-28,1030,513,517,-4,BO
BOV26-H27,2026-09-29,171,96,75,21,BO
BOV26-K27,2026-09-01,645,474,171,303,BO
BOV26-K27,2026-09-02,554,231,323,-92,BO
BOV26-K27,2026-09-03,579,205,374,-169,BO
BOV26-K27,2026-09-04,265,145,120,25,BO
BOV26-K27,2026-09-08,176,85,91,-6,BO
BOV26-K27,2026-09-09,179,116,63,53,BO
BOV26-K27,2026-09-10,201,130,71,59,BO
BOV26-K27,2026-09-11,290,113,177,-64,BO
BOV26-K27,2026-09-14,150,79,71,8,BO
BOV26-K27,2026-09-15,193,110,83,27,BO
BOV26-K27,2026-09-16,114,58,56,2,BO
BOV26-K27,2026-09-17,189,64,125,-61,BO
BOV26-K27,2026-09-18,94,55,39,16,BO
BOV26-K27,2026-09-21,143,98,45,53,BO
BOV26-K27,2026-09-22,181,88,93,-5,BO
BOV26-K27,2026-09-23,250,124,126,-2,BO
BOV26-K27,2026-09-24,169,101,68,33,BO
BOV26-K27,2026-09-25,151,79,72,7,BO
BOV26-K27,2026-09-28,227,122,105,17,BO
BOV26-K27,2026-09-29,9,7,2,5,BO
BOV26-N27,2026-09-01,562,305,257,48,BO
BOV26-N27,2026-09-02,428,220,208,12,BO
BOV26-N27,2026-09-03,543,352,191,161,BO
BOV26-N27,2026-09-04,276,115,161,-46,BO
BOV26-N27,2026-09-08,317,169,148,21,BO
BOV26-N27,2026-09-09,255,129,126,3,BO
BOV26-N27,2026-09-10,243,152,91,61,BO
BOV26-N27,2026-09-11,280,117,163,-46,BO
BOV26-N27,2026-09-14,248,155,93,62,BO
BOV26-N27,2026-09-15,536,318,218,100,BO
BOV26-N27,2026-09-16,216,110,106,4,BO
BOV26-N27,2026-09-17,395,155,240,-85,BO
BOV26-N27,2026-09-18,275,164,111,53,BO
BOV26-N27,2026-09-21,279,127,152,-25,BO
BOV26-N27,2026-09-22,350,168,182,-14,BO
BOV26-N27,2026-09-23,401,187,214,-27,BO
BOV26-N27,2026-09-24,465,261,204,57,BO
BOV26-N27,2026-09-25,442,221,221,0,BO
BOV26-N27,2026-09-28,664,350,314,36,BO
BOV26-N27,2026-09-29,12,5,7,-2,BO
BOV26-Q27,2026-09-01,108,81,27,54,BO
BOV26-Q27,2026-09-02,36,22,14,8,BO
BOV26-Q27,2026-09-03,32,10,22,-12,BO
BOV26-Q27,2026-09-04,17,7,10,-3,BO
BOV26-Q27,2026-09-08,37,26,11,15,BO
BOV26-Q27,2026-09-09,50,41,9,32,BO
BOV26-Q27,2026-09-10,25,18,7,11,BO
BOV26-Q27,2026-09-11,38,16,22,-6,BO
BOV26-Q27,2026-09-14,11,6,5,1,BO
BOV26-Q27,2026-09-15,32,17,15,2,BO
BOV26-Q27,2026-09-16,14,11,3,8,BO
BOV26-Q27,2026-09-17,75,24,51,-27,BO
BOV26-Q27,2026-09-18,21,12,9,3,BO
BOV26-Q27,2026-09-21,48,24,24,0,BO
BOV26-Q27,2026-09-22,52,29,23,6,BO
BOV26-Q27,2026-09-23,38,28,10,18,BO
BOV26-Q27,2026-09-24,58,26,32,-6,BO
BOV26-Q27,2026-09-25,52,18,34,-16,BO
BOV26-Q27,2026-09-28,50,14,36,-22,BO
BOV26-Q27,2026-09-29,12,1,11,-10,BO
BOV26-U27,2026-09-08,8,8,0,8,BO
BOV26-U27,2026-09-09,6,4,2,2,BO
BOV26-U27,2026-09-10,3,2,1,1,BO
BOV26-U27,2026-09-14,1,0,1,-1,BO
BOV26-U27,2026-09-17,2,1,1,0,BO
BOV26-U27,2026-09-24,1,0,1,-1,BO
BOV26-U27,2026-09-28,1,0,1,-1,BO
BOV26-V27,2026-09-11,2,0,2,-2,BO
BOV26-V27,2026-09-14,4,0,4,-4,BO
BOV26-V27,2026-09-17,4,0,4,-4,BO
BOV26-V27,2026-09-23,1,0,1,-1,BO
BOV26-Z26,2026-09-01,18582,10521,8061,2460,BO
BOV26-Z26,2026-09-02,18672,9678,8994,684,BO
BOV26-Z26,2026-09-03,15031,9336,5695,3641,BO
BOV26-Z26,2026-09-04,14355,8639,5716,2923,BO
BOV26-Z26,2026-09-08,9049,4639,4410,229,BO
BOV26-Z26,2026-09-09,11870,6749,5121,1628,BO
BOV26-Z26,2026-09-10,10500,5275,5225,50,BO
BOV26-Z26,2026-09-11,9432,5561,3871,1690,BO
BOV26-Z26,2026-09-14,7888,3873,4015,-142,BO
BOV26-Z26,2026-09-15,12116,8452,3664,4788,BO
BOV26-Z26,2026-09-16,12016,5947,6069,-122,BO
BOV26-Z26,2026-09-17,13022,7534,5488,2046,BO
BOV26-Z26,2026-09-18,12379,7044,5335,1709,BO
BOV26-Z26,2026-09-21,13780,7030,6750,280,BO
BOV26-Z26,2026-09-22,17806,12580,5226,7354,BO
BOV26-Z26,2026-09-23,13230,8394,4836,3558,BO
BOV26-Z26,2026-09-24,17647,8946,8701,245,BO
BOV26-Z26,2026-09-25,25658,17203,8455,8748,BO
BOV26-Z26,2026-09-28,20516,10135,10381,-246,BO
BOV26-Z26,2026-09-29,16981,8159,8822,-663,BO
BOV26-Z26,2026-09-30,609,328,281,47,BO
BOV26-Z27,2026-09-04,1,1,0,1,BO
BOV27-Z27,2026-09-01,200,123,77,46,BO
BOV27-Z27,2026-09-02,55,12,43,-31,BO
BOV27-Z27,2026-09-03,75,24,51,-27,BO
BOV27-Z27,2026-09-04,79,9,70,-61,BO
BOV27-Z27,2026-09-08,35,25,10,15,BO
BOV27-Z27,2026-09-09,213,79,134,-55,BO
BOV27-Z27,2026-09-10,219,64,155,-91,BO
BOV27-Z27,2026-09-11,128,31,97,-66,BO
BOV27-Z27,2026-09-14,110,6,104,-98,BO
BOV27-Z27,2026-09-15,97,39,58,-19,BO
BOV27-Z27,2026-09-16,38,4,34,-30,BO
BOV27-Z27,2026-09-17,251,59,192,-133,BO
BOV27-Z27,2026-09-18,146,104,42,62,BO
BOV27-Z27,2026-09-21,78,32,46,-14,BO
BOV27-Z27,2026-09-22,44,16,28,-12,BO
BOV27-Z27,2026-09-23,54,21,33,-12,BO
BOV27-Z27,2026-09-24,51,29,22,7,BO
BOV27-Z27,2026-09-25,60,33,27,6,BO
BOV27-Z27,2026-09-28,156,107,49,58,BO
BOV27-Z27,2026-09-29,73,51,22,29,BO
BOV27-Z27,2026-09-30,86,75,11,64,BO
BOZ26-F27,2026-09-01,14497,7315,7182,133,BO
BOZ26-F27,2026-09-02,11987,6601,5386,1215,BO
BOZ26-F27,2026-09-03,18484,7200,11284,-4084,BO
BOZ26-F27,2026-09-04,12782,6753,6029,724,BO
BOZ26-F27,2026-09-08,11307,4745,6562,-1817,BO
BOZ26-F27,2026-09-09,10745,4067,6678,-2611,BO
BOZ26-F27,2026-09-10,9152,4662,4490,172,BO
BOZ26-F27,2026-09-11,13836,4877,8959,-4082,BO
BOZ26-F27,2026-09-14,12718,6435,6283,152,BO
BOZ26-F27,2026-09-15,10388,6159,4229,1930,BO
BOZ26-F27,2026-09-16,9981,4394,5587,-1193,BO
BOZ26-F27,2026-09-17,14174,6561,7613,-1052,BO
BOZ26-F27,2026-09-18,12434,4619,7815,-3196,BO
BOZ26-F27,2026-09-21,11372,6347,5025,1322,BO
BOZ26-F27,2026-09-22,9077,3880,5197,-1317,BO
BOZ26-F27,2026-09-23,15581,7568,8013,-445,BO
BOZ26-F27,2026-09-24,14260,6849,7411,-562,BO
BOZ26-F27,2026-09-25,20137,10545,9592,953,BO
BOZ26-F27,2026-09-28,20840,10535,10305,230,BO
BOZ26-F27,2026-09-29,17558,8012,9546,-1534,BO
BOZ26-F27,2026-09-30,13706,8200,5506,2694,BO
BOZ26-H27,2026-09-01,7543,4104,3439,665,BO
BOZ26-H27,2026-09-02,4455,1873,2582,-709,BO
BOZ26-H27,2026-09-03,5793,2298,3495,-1197,BO
BOZ26-H27,2026-09-04,4374,2168,2206,-38,BO
BOZ26-H27,2026-09-08,4356,1809,2547,-738,BO
BOZ26-H27,2026-09-09,3348,1178,2170,-992,BO
BOZ26-H27,2026-09-10,3503,2436,1067,1369,BO
BOZ26-H27,2026-09-11,4591,1550,3041,-1491,BO
BOZ26-H27,2026-09-14,3439,2127,1312,815,BO
BOZ26-H27,2026-09-15,5030,2192,2838,-646,BO
BOZ26-H27,2026-09-16,5810,2167,3643,-1476,BO
BOZ26-H27,2026-09-17,5114,1627,3487,-1860,BO
BOZ26-H27,2026-09-18,3858,1775,2083,-308,BO
BOZ26-H27,2026-09-21,3965,2606,1359,1247,BO
BOZ26-H27,2026-09-22,4272,1281,2991,-1710,BO
BOZ26-H27,2026-09-23,5794,3193,2601,592,BO
BOZ26-H27,2026-09-24,3454,1678,1776,-98,BO
BOZ26-H27,2026-09-25,4477,2255,2222,33,BO
BOZ26-H27,2026-09-28,6443,3795,2648,1147,BO
BOZ26-H27,2026-09-29,8377,4630,3747,883,BO
BOZ26-H27,2026-09-30,4221,2354,1867,487,BO
BOZ26-K27,2026-09-01,5832,2237,3595,-1358,BO
BOZ26-K27,2026-09-02,3712,1052,2660,-1608,BO
BOZ26-K27,2026-09-03,5975,3643,2332,1311,BO
BOZ26-K27,2026-09-04,3082,819,2263,-1444,BO
BOZ26-K27,2026-09-08,1747,610,1137,-527,BO
BOZ26-K27,2026-09-09,1037,666,371,295,BO
BOZ26-K27,2026-09-10,1441,718,723,-5,BO
BOZ26-K27,2026-09-11,1520,706,814,-108,BO
BOZ26-K27,2026-09-14,1252,441,811,-370,BO
BOZ26-K27,2026-09-15,1537,860,677,183,BO
BOZ26-K27,2026-09-16,1537,795,742,53,BO
BOZ26-K27,2026-09-17,1797,540,1257,-717,BO
BOZ26-K27,2026-09-18,1375,834,541,293,BO
BOZ26-K27,2026-09-21,1497,793,704,89,BO
BOZ26-K27,2026-09-22,1413,652,761,-109,BO
BOZ26-K27,2026-09-23,2095,1033,1062,-29,BO
BOZ26-K27,2026-09-24,874,371,503,-132,BO
BOZ26-K27,2026-09-25,2298,1441,857,584,BO
BOZ26-K27,2026-09-28,2157,1354,803,551,BO
BOZ26-K27,2026-09-29,1639,1039,600,439,BO
BOZ26-K27,2026-09-30,1942,1266,676,590,BO
BOZ26-N27,2026-09-01,4551,1983,2568,-585,BO
BOZ26-N27,2026-09-02,2261,1083,1178,-95,BO
BOZ26-N27,2026-09-03,2504,1172,1332,-160,BO
BOZ26-N27,2026-09-04,1122,367,755,-388,BO
BOZ26-N27,2026-09-08,2454,1252,1202,50,BO
BOZ26-N27,2026-09-09,1314,731,583,148,BO
BOZ26-N27,2026-09-10,1225,794,431,363,BO
BOZ26-N27,2026-09-11,1718,652,1066,-414,BO
BOZ26-N27,2026-09-14,998,559,439,120,BO
BOZ26-N27,2026-09-15,1858,1101,757,344,BO
BOZ26-N27,2026-09-16,1831,819,1012,-193,BO
BOZ26-N27,2026-09-17,5765,3186,2579,607,BO
BOZ26-N27,2026-09-18,4285,2960,1325,1635,BO
BOZ26-N27,2026-09-21,1859,997,862,135,BO
BOZ26-N27,2026-09-22,2471,914,1557,-643,BO
BOZ26-N27,2026-09-23,2558,955,1603,-648,BO
BOZ26-N27,2026-09-24,4820,2820,2000,820,BO
BOZ26-N27,2026-09-25,3277,1662,1615,47,BO
BOZ26-N27,2026-09-28,2516,1114,1402,-288,BO
BOZ26-N27,2026-09-29,3207,1796,1411,385,BO
BOZ26-N27,2026-09-30,2052,1001,1051,-50,BO
BOZ26-Q27,2026-09-01,123,80,43,37,BO
BOZ26-Q27,2026-09-02,125,45,80,-35,BO
BOZ26-Q27,2026-09-03,72,28,44,-16,BO
BOZ26-Q27,2026-09-04,78,24,54,-30,BO
BOZ26-Q27,2026-09-08,55,34,21,13,BO
BOZ26-Q27,2026-09-09,54,33,21,12,BO
BOZ26-Q27,2026-09-10,69,54,15,39,BO
BOZ26-Q27,2026-09-11,65,24,41,-17,BO
BOZ26-Q27,2026-09-14,47,35,12,23,BO
BOZ26-Q27,2026-09-15,64,39,25,14,BO
BOZ26-Q27,2026-09-16,122,90,32,58,BO
BOZ26-Q27,2026-09-17,240,66,174,-108,BO
BOZ26-Q27,2026-09-18,255,156,99,57,BO
BOZ26-Q27,2026-09-21,124,84,40,44,BO
BOZ26-Q27,2026-09-22,80,39,41,-2,BO
BOZ26-Q27,2026-09-23,126,65,61,4,BO
BOZ26-Q27,2026-09-24,126,50,76,-26,BO
BOZ26-Q27,2026-09-25,131,50,81,-31,BO
BOZ26-Q27,2026-09-28,311,88,223,-135,BO
BOZ26-Q27,2026-09-29,52,22,30,-8,BO
BOZ26-Q27,2026-09-30,252,148,104,44,BO
BOZ26-U27,2026-09-01,25,16,9,7,BO
BOZ26-U27,2026-09-02,29,12,17,-5,BO
BOZ26-U27,2026-09-03,55,18,37,-19,BO
BOZ26-U27,2026-09-04,29,11,18,-7,BO
BOZ26-U27,2026-09-08,19,13,6,7,BO
BOZ26-U27,2026-09-09,23,19,4,15,BO
BOZ26-U27,2026-09-10,24,17,7,10,BO
BOZ26-U27,2026-09-11,24,8,16,-8,BO
BOZ26-U27,2026-09-14,19,7,12,-5,BO
BOZ26-U27,2026-09-15,85,83,2,81,BO
BOZ26-U27,2026-09-16,34,27,7,20,BO
BOZ26-U27,2026-09-17,174,43,131,-88,BO
BOZ26-U27,2026-09-18,224,129,95,34,BO
BOZ26-U27,2026-09-21,90,66,24,42,BO
BOZ26-U27,2026-09-22,44,18,26,-8,BO
BOZ26-U27,2026-09-23,40,11,29,-18,BO
BOZ26-U27,2026-09-24,68,11,57,-46,BO
BOZ26-U27,2026-09-25,42,16,26,-10,BO
BOZ26-U27,2026-09-28,215,20,195,-175,BO
BOZ26-U27,2026-09-29,31,15,16,-1,BO
BOZ26-U27,2026-09-30,46,27,19,8,BO
BOZ26-V27,2026-09-29,3,1,2,-1,BO
BOZ26-Z27,2026-09-01,23,17,6,11,BO
BOZ26-Z27,2026-09-02,64,10,54,-44,BO
BOZ26-Z27,2026-09-03,72,39,33,6,BO
BOZ26-Z27,2026-09-04,135,44,91,-47,BO
BOZ26-Z27,2026-09-08,54,33,21,12,BO
BOZ26-Z27,2026-09-09,40,20,20,0,BO
BOZ26-Z27,2026-09-10,33,26,7,19,BO
BOZ26-Z27,2026-09-11,27,9,18,-9,BO
BOZ26-Z27,2026-09-14,92,6,86,-80,BO
BOZ26-Z27,2026-09-15,41,20,21,-1,BO
BOZ26-Z27,2026-09-16,46,18,28,-10,BO
BOZ26-Z27,2026-09-17,87,34,53,-19,BO
BOZ26-Z27,2026-09-18,185,44,141,-97,BO
BOZ26-Z27,2026-09-21,22,8,14,-6,BO
BOZ26-Z27,2026-09-22,37,18,19,-1,BO
BOZ26-Z27,2026-09-23,61,12,49,-37,BO
BOZ26-Z27,2026-09-24,15,9,6,3,BO
BOZ26-Z27,2026-09-25,68,25,43,-18,BO
BOZ26-Z27,2026-09-28,51,27,24,3,BO
BOZ26-Z27,2026-09-29,20,4,16,-12,BO
BOZ26-Z27,2026-09-30,18,12,6,6,BO
CNH27-K27,2026-09-01,9109,4938,4171,767,CN
CNH27-K27,2026-09-02,9578,3985,5593,-1608,CN
CNH27-K27,2026-09-03,7998,3812,4186,-374,CN
CNH27-K27,2026-09-04,6749,1271,5478,-4207,CN
CNH27-K27,2026-09-08,5838,2971,2867,104,CN
CNH27-K27,2026-09-09,6790,2206,4584,-2378,CN
CNH27-K27,2026-09-10,6205,2607,3598,-991,CN
CNH27-K27,2026-09-11,20729,10039,10690,-651,CN
CNH27-K27,2026-09-14,6083,2463,3620,-1157,CN
CNH27-K27,2026-09-15,9130,6489,2641,3848,CN
CNH27-K27,2026-09-16,6392,2851,3541,-690,CN
CNH27-K27,2026-09-17,4602,2365,2237,128,CN
CNH27-K27,2026-09-18,13446,3418,10028,-6610,CN
CNH27-K27,2026-09-21,4734,2403,2331,72,CN
CNH27-K27,2026-09-22,7956,3211,4745,-1534,CN
CNH27-K27,2026-09-23,5964,1700,4264,-2564,CN
CNH27-K27,2026-09-24,7168,4879,2289,2590,CN
CNH27-K27,2026-09-25,12727,6129,6598,-469,CN
CNH27-K27,2026-09-28,11340,4907,6433,-1526,CN
CNH27-K27,2026-09-29,7719,2438,5281,-2843,CN
CNH27-K27,2026-09-30,20530,6546,13984,-7438,CN
CNH27-N27,2026-09-01,8334,3639,4695,-1056,CN
CNH27-N27,2026-09-02,6394,3224,3170,54,CN
CNH27-N27,2026-09-03,6877,2314,4563,-2249,CN
CNH27-N27,2026-09-04,5509,3228,2281,947,CN
CNH27-N27,2026-09-08,2224,932,1292,-360,CN
CNH27-N27,2026-09-09,3689,1765,1924,-159,CN
CNH27-N27,2026-09-10,3613,1654,1959,-305,CN
CNH27-N27,2026-09-11,9421,4085,5336,-1251,CN
CNH27-N27,2026-09-14,6005,2843,3162,-319,CN
CNH27-N27,2026-09-15,5558,3887,1671,2216,CN
CNH27-N27,2026-09-16,2698,955,1743,-788,CN
CNH27-N27,2026-09-17,4688,2016,2672,-656,CN
CNH27-N27,2026-09-18,3633,1839,1794,45,CN
CNH27-N27,2026-09-21,5738,4193,1545,2648,CN
CNH27-N27,2026-09-22,3445,1519,1926,-407,CN
CNH27-N27,2026-09-23,6197,1410,4787,-3377,CN
CNH27-N27,2026-09-24,7576,2978,4598,-1620,CN
CNH27-N27,2026-09-25,6269,3715,2554,1161,CN
CNH27-N27,2026-09-28,4258,1730,2528,-798,CN
CNH27-N27,2026-09-29,6391,2834,3557,-723,CN
CNH27-N27,2026-09-30,13307,3639,9668,-6029,CN
CNH27-U27,2026-09-01,626,305,321,-16,CN
CNH27-U27,2026-09-02,923,488,435,53,CN
CNH27-U27,2026-09-03,762,403,359,44,CN
CNH27-U27,2026-09-04,572,419,153,266,CN
CNH27-U27,2026-09-08,405,197,208,-11,CN
CNH27-U27,2026-09-09,460,245,215,30,CN
CNH27-U27,2026-09-10,300,126,174,-48,CN
CNH27-U27,2026-09-11,850,437,413,24,CN
CNH27-U27,2026-09-14,485,239,246,-7,CN
CNH27-U27,2026-09-15,529,306,223,83,CN
CNH27-U27,2026-09-16,402,240,162,78,CN
CNH27-U27,2026-09-17,206,100,106,-6,CN
CNH27-U27,2026-09-18,241,152,89,63,CN
CNH27-U27,2026-09-21,248,150,98,52,CN
CNH27-U27,2026-09-22,340,171,169,2,CN
CNH27-U27,2026-09-23,387,136,251,-115,CN
CNH27-U27,2026-09-24,326,126,200,-74,CN
CNH27-U27,2026-09-25,728,307,421,-114,CN
CNH27-U27,2026-09-28,523,199,324,-125,CN
CNH27-U27,2026-09-29,740,456,284,172,CN
CNH27-U27,2026-09-30,1771,635,1136,-501,CN
CNH27-Z27,2026-09-01,373,233,140,93,CN
CNH27-Z27,2026-09-02,825,253,572,-319,CN
CNH27-Z27,2026-09-03,540,303,237,66,CN
CNH27-Z27,2026-09-04,225,99,126,-27,CN
CNH27-Z27,2026-09-08,464,149,315,-166,CN
CNH27-Z27,2026-09-09,256,116,140,-24,CN
CNH27-Z27,2026-09-10,622,265,357,-92,CN
CNH27-Z27,2026-09-11,1827,1063,764,299,CN
CNH27-Z27,2026-09-14,1851,993,858,135,CN
CNH27-Z27,2026-09-15,273,145,128,17,CN
CNH27-Z27,2026-09-16,214,75,139,-64,CN
CNH27-Z27,2026-09-17,407,261,146,115,CN
CNH27-Z27,2026-09-18,1039,865,174,691,CN
CNH27-Z27,2026-09-21,401,275,126,149,CN
CNH27-Z27,2026-09-22,224,134,90,44,CN
CNH27-Z27,2026-09-23,859,432,427,5,CN
CNH27-Z27,2026-09-24,341,132,209,-77,CN
CNH27-Z27,2026-09-25,610,440,170,270,CN
CNH27-Z27,2026-09-28,197,75,122,-47,CN
CNH27-Z27,2026-09-29,438,297,141,156,CN
CNH27-Z27,2026-09-30,4156,1755,2401,-646,CN
CNK27-N27,2026-09-01,7138,2598,4540,-1942,CN
CNK27-N27,2026-09-02,8377,5435,2942,2493,CN
CNK27-N27,2026-09-03,8137,4209,3928,281,CN
CNK27-N27,2026-09-04,3552,1736,1816,-80,CN
CNK27-N27,2026-09-08,5138,3271,1867,1404,CN
CNK27-N27,2026-09-09,4323,1595,2728,-1133,CN
CNK27-N27,2026-09-10,4058,2169,1889,280,CN
CNK27-N27,2026-09-11,7642,4634,3008,1626,CN
CNK27-N27,2026-09-14,5388,2807,2581,226,CN
CNK27-N27,2026-09-15,7894,5458,2436,3022,CN
CNK27-N27,2026-09-16,5516,2396,3120,-724,CN
CNK27-N27,2026-09-17,6318,2057,4261,-2204,CN
CNK27-N27,2026-09-18,3591,1785,1806,-21,CN
CNK27-N27,2026-09-21,5681,3715,1966,1749,CN
CNK27-N27,2026-09-22,6684,3052,3632,-580,CN
CNK27-N27,2026-09-23,6538,2969,3569,-600,CN
CNK27-N27,2026-09-24,8785,2196,6589,-4393,CN
CNK27-N27,2026-09-25,10478,6633,3845,2788,CN
CNK27-N27,2026-09-28,9831,4600,5231,-631,CN
CNK27-N27,2026-09-29,6521,3711,2810,901,CN
CNK27-N27,2026-09-30,17547,4903,12644,-7741,CN
CNK27-U27,2026-09-01,566,339,227,112,CN
CNK27-U27,2026-09-02,1025,458,567,-109,CN
CNK27-U27,2026-09-03,657,271,386,-115,CN
CNK27-U27,2026-09-04,289,150,139,11,CN
CNK27-U27,2026-09-08,241,95,146,-51,CN
CNK27-U27,2026-09-09,252,133,119,14,CN
CNK27-U27,2026-09-10,248,132,116,16,CN
CNK27-U27,2026-09-11,943,491,452,39,CN
CNK27-U27,2026-09-14,423,259,164,95,CN
CNK27-U27,2026-09-15,521,317,204,113,CN
CNK27-U27,2026-09-16,217,155,62,93,CN
CNK27-U27,2026-09-17,276,186,90,96,CN
CNK27-U27,2026-09-18,257,163,94,69,CN
CNK27-U27,2026-09-21,165,76,89,-13,CN
CNK27-U27,2026-09-22,321,158,163,-5,CN
CNK27-U27,2026-09-23,326,147,179,-32,CN
CNK27-U27,2026-09-24,221,106,115,-9,CN
CNK27-U27,2026-09-25,586,265,321,-56,CN
CNK27-U27,2026-09-28,576,240,336,-96,CN
CNK27-U27,2026-09-29,1136,527,609,-82,CN
CNK27-U27,2026-09-30,2192,1088,1104,-16,CN
CNK27-Z27,2026-09-01,345,185,160,25,CN
CNK27-Z27,2026-09-02,342,174,168,6,CN
CNK27-Z27,2026-09-03,501,197,304,-107,CN
CNK27-Z27,2026-09-04,159,86,73,13,CN
CNK27-Z27,2026-09-08,267,95,172,-77,CN
CNK27-Z27,2026-09-09,138,57,81,-24,CN
CNK27-Z27,2026-09-10,182,112,70,42,CN
CNK27-Z27,2026-09-11,664,383,281,102,CN
CNK27-Z27,2026-09-14,157,93,64,29,CN
CNK27-Z27,2026-09-15,135,81,54,27,CN
CNK27-Z27,2026-09-16,135,95,40,55,CN
CNK27-Z27,2026-09-17,125,42,83,-41,CN
CNK27-Z27,2026-09-18,129,79,50,29,CN
CNK27-Z27,2026-09-21,425,130,295,-165,CN
CNK27-Z27,2026-09-22,163,101,62,39,CN
CNK27-Z27,2026-09-23,121,30,91,-61,CN
CNK27-Z27,2026-09-24,122,17,105,-88,CN
CNK27-Z27,2026-09-25,181,76,105,-29,CN
CNK27-Z27,2026-09-28,163,66,97,-31,CN
CNK27-Z27,2026-09-29,163,102,61,41,CN
CNK27-Z27,2026-09-30,831,345,486,-141,CN
CNN27-Z27,2026-09-01,4022,2385,1637,748,CN
CNN27-Z27,2026-09-02,6065,3387,2678,709,CN
CNN27-Z27,2026-09-03,4347,1899,2448,-549,CN
CNN27-Z27,2026-09-04,3214,1041,2173,-1132,CN
CNN27-Z27,2026-09-08,2299,853,1446,-593,CN
CNN27-Z27,2026-09-09,3186,1351,1835,-484,CN
CNN27-Z27,2026-09-10,3824,2045,1779,266,CN
CNN27-Z27,2026-09-11,10222,4867,5355,-488,CN
CNN27-Z27,2026-09-14,2631,933,1698,-765,CN
CNN27-Z27,2026-09-15,2074,1282,792,490,CN
CNN27-Z27,2026-09-16,897,484,413,71,CN
CNN27-Z27,2026-09-17,1060,512,548,-36,CN
CNN27-Z27,2026-09-18,1868,1275,593,682,CN
CNN27-Z27,2026-09-21,1993,1548,445,1103,CN
CNN27-Z27,2026-09-22,3666,2434,1232,1202,CN
CNN27-Z27,2026-09-23,2022,772,1250,-478,CN
CNN27-Z27,2026-09-24,758,300,458,-158,CN
CNN27-Z27,2026-09-25,3541,1487,2054,-567,CN
CNN27-Z27,2026-09-28,1623,849,774,75,CN
CNN27-Z27,2026-09-29,2124,813,1311,-498,CN
CNN27-Z27,2026-09-30,10691,3263,7428,-4165,CN
CNU26-H27,2026-09-01,114,29,85,-56,CN
CNU26-H27,2026-09-02,14,14,0,14,CN
CNU26-H27,2026-09-03,18,15,3,12,CN
CNU26-H27,2026-09-04,2,1,1,0,CN
CNU26-H27,2026-09-08,11,11,0,11,CN
CNU26-H27,2026-09-09,4,3,1,2,CN
CNU26-K27,2026-09-01,45,11,34,-23,CN
CNU26-K27,2026-09-03,13,12,1,11,CN
CNU26-K27,2026-09-08,5,1,4,-3,CN
CNU26-N27,2026-09-01,4,0,4,-4,CN
CNU26-Z26,2026-09-01,2307,992,1315,-323,CN
CNU26-Z26,2026-09-02,1336,595,741,-146,CN
CNU26-Z26,2026-09-03,328,171,157,14,CN
CNU26-Z26,2026-09-04,231,182,49,133,CN
CNU26-Z26,2026-09-08,245,215,30,185,CN
CNU26-Z26,2026-09-09,775,703,72,631,CN
CNU26-Z26,2026-09-10,254,194,60,134,CN
CNU26-Z26,2026-09-11,200,126,74,52,CN
CNU26-Z26,2026-09-14,27,11,16,-5,CN
CNU27-Z27,2026-09-01,4220,2675,1545,1130,CN
CNU27-Z27,2026-09-02,4384,2087,2297,-210,CN
CNU27-Z27,2026-09-03,5332,3415,1917,1498,CN
CNU27-Z27,2026-09-04,1709,1083,626,457,CN
CNU27-Z27,2026-09-08,2195,1292,903,389,CN
CNU27-Z27,2026-09-09,2623,1429,1194,235,CN
CNU27-Z27,2026-09-10,2646,1106,1540,-434,CN
CNU27-Z27,2026-09-11,6995,3468,3527,-59,CN
CNU27-Z27,2026-09-14,2318,1262,1056,206,CN
CNU27-Z27,2026-09-15,2222,671,1551,-880,CN
CNU27-Z27,2026-09-16,2699,1138,1561,-423,CN
CNU27-Z27,2026-09-17,1482,748,734,14,CN
CNU27-Z27,2026-09-18,1721,1177,544,633,CN
CNU27-Z27,2026-09-21,1775,732,1043,-311,CN
CNU27-Z27,2026-09-22,1132,453,679,-226,CN
CNU27-Z27,2026-09-23,3649,1470,2179,-709,CN
CNU27-Z27,2026-09-24,1476,514,962,-448,CN
CNU27-Z27,2026-09-25,4583,2806,1777,1029,CN
CNU27-Z27,2026-09-28,2635,828,1807,-979,CN
CNU27-Z27,2026-09-29,3104,2215,889,1326,CN
CNU27-Z27,2026-09-30,12329,6062,6267,-205,CN
CNZ26-H27,2026-09-01,33999,14685,19314,-4629,CN
CNZ26-H27,2026-09-02,49151,23605,25546,-1941,CN
CNZ26-H27,2026-09-03,59938,22437,37501,-15064,CN
CNZ26-H27,2026-09-04,24098,10074,14024,-3950,CN
CNZ26-H27,2026-09-08,25209,11565,13644,-2079,CN
CNZ26-H27,2026-09-09,18398,6585,11813,-5228,CN
CNZ26-H27,2026-09-10,33980,20539,13441,7098,CN
CNZ26-H27,2026-09-11,43531,21247,22284,-1037,CN
CNZ26-H27,2026-09-14,28699,18663,10036,8627,CN
CNZ26-H27,2026-09-15,27245,17610,9635,7975,CN
CNZ26-H27,2026-09-16,26701,13995,12706,1289,CN
CNZ26-H27,2026-09-17,39410,27662,11748,15914,CN
CNZ26-H27,2026-09-18,28073,8339,19734,-11395,CN
CNZ26-H27,2026-09-21,22438,12068,10370,1698,CN
CNZ26-H27,2026-09-22,35276,14788,20488,-5700,CN
CNZ26-H27,2026-09-23,36470,20268,16202,4066,CN
CNZ26-H27,2026-09-24,48081,29550,18531,11019,CN
CNZ26-H27,2026-09-25,48346,30405,17941,12464,CN
CNZ26-H27,2026-09-28,27252,15163,12089,3074,CN
CNZ26-H27,2026-09-29,34103,13672,20431,-6759,CN
CNZ26-H27,2026-09-30,74013,27565,46448,-18883,CN
CNZ26-K27,2026-09-01,9720,4483,5237,-754,CN
CNZ26-K27,2026-09-02,10054,4745,5309,-564,CN
CNZ26-K27,2026-09-03,11902,5058,6844,-1786,CN
CNZ26-K27,2026-09-04,6750,3604,3146,458,CN
CNZ26-K27,2026-09-08,8004,2954,5050,-2096,CN
CNZ26-K27,2026-09-09,5879,2631,3248,-617,CN
CNZ26-K27,2026-09-10,7389,3415,3974,-559,CN
CNZ26-K27,2026-09-11,14636,8681,5955,2726,CN
CNZ26-K27,2026-09-14,6737,2832,3905,-1073,CN
CNZ26-K27,2026-09-15,5875,3057,2818,239,CN
CNZ26-K27,2026-09-16,7106,2621,4485,-1864,CN
CNZ26-K27,2026-09-17,6179,3116,3063,53,CN
CNZ26-K27,2026-09-18,9296,4337,4959,-622,CN
CNZ26-K27,2026-09-21,5881,3240,2641,599,CN
CNZ26-K27,2026-09-22,9264,2729,6535,-3806,CN
CNZ26-K27,2026-09-23,10184,5521,4663,858,CN
CNZ26-K27,2026-09-24,11419,6814,4605,2209,CN
CNZ26-K27,2026-09-25,17053,9276,7777,1499,CN
CNZ26-K27,2026-09-28,8365,4363,4002,361,CN
CNZ26-K27,2026-09-29,6679,2971,3708,-737,CN
CNZ26-K27,2026-09-30,15965,6826,9139,-2313,CN
CNZ26-N27,2026-09-01,6528,2756,3772,-1016,CN
CNZ26-N27,2026-09-02,9164,3837,5327,-1490,CN
CNZ26-N27,2026-09-03,12069,5748,6321,-573,CN
CNZ26-N27,2026-09-04,7558,4206,3352,854,CN
CNZ26-N27,2026-09-08,6749,3078,3671,-593,CN
CNZ26-N27,2026-09-09,10006,4152,5854,-1702,CN
CNZ26-N27,2026-09-10,7038,3180,3858,-678,CN
CNZ26-N27,2026-09-11,17220,9380,7840,1540,CN
CNZ26-N27,2026-09-14,9501,5529,3972,1557,CN
CNZ26-N27,2026-09-15,7452,5148,2304,2844,CN
CNZ26-N27,2026-09-16,6294,3382,2912,470,CN
CNZ26-N27,2026-09-17,7469,4087,3382,705,CN
CNZ26-N27,2026-09-18,5772,2293,3479,-1186,CN
CNZ26-N27,2026-09-21,5802,3591,2211,1380,CN
CNZ26-N27,2026-09-22,5342,2086,3256,-1170,CN
CNZ26-N27,2026-09-23,7191,3128,4063,-935,CN
CNZ26-N27,2026-09-24,10691,5453,5238,215,CN
CNZ26-N27,2026-09-25,13557,6888,6669,219,CN
CNZ26-N27,2026-09-28,8884,3792,5092,-1300,CN
CNZ26-N27,2026-09-29,6235,2960,3275,-315,CN
CNZ26-N27,2026-09-30,27605,10847,16758,-5911,CN
CNZ26-U27,2026-09-01,1666,1354,312,1042,CN
CNZ26-U27,2026-09-02,1587,926,661,265,CN
CNZ26-U27,2026-09-03,1994,1405,589,816,CN
CNZ26-U27,2026-09-04,457,257,200,57,CN
CNZ26-U27,2026-09-08,437,207,230,-23,CN
CNZ26-U27,2026-09-09,500,225,275,-50,CN
CNZ26-U27,2026-09-10,419,249,170,79,CN
CNZ26-U27,2026-09-11,1234,563,671,-108,CN
CNZ26-U27,2026-09-14,669,339,330,9,CN
CNZ26-U27,2026-09-15,540,298,242,56,CN
CNZ26-U27,2026-09-16,672,239,433,-194,CN
CNZ26-U27,2026-09-17,557,261,296,-35,CN
CNZ26-U27,2026-09-18,381,251,130,121,CN
CNZ26-U27,2026-09-21,508,232,276,-44,CN
CNZ26-U27,2026-09-22,729,347,382,-35,CN
CNZ26-U27,2026-09-23,523,243,280,-37,CN
CNZ26-U27,2026-09-24,348,194,154,40,CN
CNZ26-U27,2026-09-25,1608,790,818,-28,CN
CNZ26-U27,2026-09-28,516,232,284,-52,CN
CNZ26-U27,2026-09-29,379,238,141,97,CN
CNZ26-U27,2026-09-30,1927,941,986,-45,CN
CNZ26-Z27,2026-09-01,2208,1431,777,654,CN
CNZ26-Z27,2026-09-02,3407,1629,1778,-149,CN
CNZ26-Z27,2026-09-03,4639,1856,2783,-927,CN
CNZ26-Z27,2026-09-04,2453,798,1655,-857,CN
CNZ26-Z27,2026-09-08,2380,1126,1254,-128,CN
CNZ26-Z27,2026-09-09,4239,2102,2137,-35,CN
CNZ26-Z27,2026-09-10,4170,2176,1994,182,CN
CNZ26-Z27,2026-09-11,10216,5763,4453,1310,CN
CNZ26-Z27,2026-09-14,1683,828,855,-27,CN
CNZ26-Z27,2026-09-15,3053,1760,1293,467,CN
CNZ26-Z27,2026-09-16,1735,869,866,3,CN
CNZ26-Z27,2026-09-17,3079,1009,2070,-1061,CN
CNZ26-Z27,2026-09-18,3648,1058,2590,-1532,CN
CNZ26-Z27,2026-09-21,1578,818,760,58,CN
CNZ26-Z27,2026-09-22,1713,861,852,9,CN
CNZ26-Z27,2026-09-23,1249,576,673,-97,CN
CNZ26-Z27,2026-09-24,1403,463,940,-477,CN
CNZ26-Z27,2026-09-25,3660,1659,2001,-342,CN
CNZ26-Z27,2026-09-28,2423,1104,1319,-215,CN
CNZ26-Z27,2026-09-29,1266,723,543,180,CN
CNZ26-Z27,2026-09-30,10600,3871,6729,-2858,CN
KWH27-K27,2026-09-01,2758,1445,1313,132,KW
KWH27-K27,2026-09-02,5417,2332,3085,-753,KW
KWH27-K27,2026-09-03,4106,2138,1968,170,KW
KWH27-K27,2026-09-04,1993,900,1093,-193,KW
KWH27-K27,2026-09-08,2197,1398,799,599,KW
KWH27-K27,2026-09-09,3091,1303,1788,-485,KW
KWH27-K27,2026-09-10,2127,1143,984,159,KW
KWH27-K27,2026-09-11,3035,984,2051,-1067,KW
KWH27-K27,2026-09-14,2493,1297,1196,101,KW
KWH27-K27,2026-09-15,1709,799,910,-111,KW
KWH27-K27,2026-09-16,3384,1963,1421,542,KW
KWH27-K27,2026-09-17,2101,1077,1024,53,KW
KWH27-K27,2026-09-18,860,340,520,-180,KW
KWH27-K27,2026-09-21,2051,1035,1016,19,KW
KWH27-K27,2026-09-22,2876,1393,1483,-90,KW
KWH27-K27,2026-09-23,1659,912,747,165,KW
KWH27-K27,2026-09-24,2042,1272,770,502,KW
KWH27-K27,2026-09-25,3145,1871,1274,597,KW
KWH27-K27,2026-09-28,1957,899,1058,-159,KW
KWH27-K27,2026-09-29,2957,1252,1705,-453,KW
KWH27-K27,2026-09-30,3270,1336,1934,-598,KW
KWH27-N27,2026-09-01,1055,874,181,693,KW
KWH27-N27,2026-09-02,729,411,318,93,KW
KWH27-N27,2026-09-03,1617,619,998,-379,KW
KWH27-N27,2026-09-04,836,321,515,-194,KW
KWH27-N27,2026-09-08,1456,756,700,56,KW
KWH27-N27,2026-09-09,1277,768,509,259,KW
KWH27-N27,2026-09-10,424,254,170,84,KW
KWH27-N27,2026-09-11,733,447,286,161,KW
KWH27-N27,2026-09-14,608,361,247,114,KW
KWH27-N27,2026-09-15,282,176,106,70,KW
KWH27-N27,2026-09-16,627,255,372,-117,KW
KWH27-N27,2026-09-17,408,289,119,170,KW
KWH27-N27,2026-09-18,214,68,146,-78,KW
KWH27-N27,2026-09-21,452,321,131,190,KW
KWH27-N27,2026-09-22,454,143,311,-168,KW
KWH27-N27,2026-09-23,581,301,280,21,KW
KWH27-N27,2026-09-24,479,280,199,81,KW
KWH27-N27,2026-09-25,1973,1014,959,55,KW
KWH27-N27,2026-09-28,1870,1242,628,614,KW
KWH27-N27,2026-09-29,1086,633,453,180,KW
KWH27-N27,2026-09-30,506,304,202,102,KW
KWH27-U27,2026-09-01,195,127,68,59,KW
KWH27-U27,2026-09-02,292,183,109,74,KW
KWH27-U27,2026-09-03,197,90,107,-17,KW
KWH27-U27,2026-09-04,144,104,40,64,KW
KWH27-U27,2026-09-08,156,90,66,24,KW
KWH27-U27,2026-09-09,197,129,68,61,KW
KWH27-U27,2026-09-10,111,71,40,31,KW
KWH27-U27,2026-09-11,198,125,73,52,KW
KWH27-U27,2026-09-14,139,84,55,29,KW
KWH27-U27,2026-09-15,132,76,56,20,KW
KWH27-U27,2026-09-16,116,57,59,-2,KW
KWH27-U27,2026-09-17,106,68,38,30,KW
KWH27-U27,2026-09-18,53,29,24,5,KW
KWH27-U27,2026-09-21,129,90,39,51,KW
KWH27-U27,2026-09-22,104,53,51,2,KW
KWH27-U27,2026-09-23,167,74,93,-19,KW
KWH27-U27,2026-09-24,100,68,32,36,KW
KWH27-U27,2026-09-25,222,106,116,-10,KW
KWH27-U27,2026-09-28,97,41,56,-15,KW
KWH27-U27,2026-09-29,166,66,100,-34,KW
KWH27-U27,2026-09-30,328,119,209,-90,KW
KWH27-Z27,2026-09-01,3,3,0,3,KW
KWH27-Z27,2026-09-02,6,3,3,0,KW
KWH27-Z27,2026-09-03,2,0,2,-2,KW
KWH27-Z27,2026-09-04,7,6,1,5,KW
KWH27-Z27,2026-09-08,1,1,0,1,KW
KWH27-Z27,2026-09-09,4,3,1,2,KW
KWH27-Z27,2026-09-10,3,0,3,-3,KW
KWH27-Z27,2026-09-11,6,4,2,2,KW
KWH27-Z27,2026-09-14,10,0,10,-10,KW
KWH27-Z27,2026-09-17,4,1,3,-2,KW
KWH27-Z27,2026-09-18,11,0,11,-11,KW
KWH27-Z27,2026-09-21,27,21,6,15,KW
KWH27-Z27,2026-09-22,1,0,1,-1,KW
KWH27-Z27,2026-09-23,1,1,0,1,KW
KWH27-Z27,2026-09-25,2,0,2,-2,KW
KWH27-Z27,2026-09-29,2,0,2,-2,KW
KWH27-Z27,2026-09-30,4,1,3,-2,KW
KWK27-N27,2026-09-01,2445,1271,1174,97,KW
KWK27-N27,2026-09-02,2224,1240,984,256,KW
KWK27-N27,2026-09-03,2883,1626,1257,369,KW
KWK27-N27,2026-09-04,1298,688,610,78,KW
KWK27-N27,2026-09-08,1854,1180,674,506,KW
KWK27-N27,2026-09-09,2426,1380,1046,334,KW
KWK27-N27,2026-09-10,1471,885,586,299,KW
KWK27-N27,2026-09-11,2082,981,1101,-120,KW
KWK27-N27,2026-09-14,1661,803,858,-55,KW
KWK27-N27,2026-09-15,1219,624,595,29,KW
KWK27-N27,2026-09-16,1498,708,790,-82,KW
KWK27-N27,2026-09-17,1219,764,455,309,KW
KWK27-N27,2026-09-18,902,315,587,-272,KW
KWK27-N27,2026-09-21,1472,933,539,394,KW
KWK27-N27,2026-09-22,1533,698,835,-137,KW
KWK27-N27,2026-09-23,2137,1056,1081,-25,KW
KWK27-N27,2026-09-24,1865,896,969,-73,KW
KWK27-N27,2026-09-25,1646,740,906,-166,KW
KWK27-N27,2026-09-28,1762,786,976,-190,KW
KWK27-N27,2026-09-29,1769,948,821,127,KW
KWK27-N27,2026-09-30,1525,857,668,189,KW
KWK27-U27,2026-09-01,130,93,37,56,KW
KWK27-U27,2026-09-02,159,106,53,53,KW
KWK27-U27,2026-09-03,115,53,62,-9,KW
KWK27-U27,2026-09-04,73,53,20,33,KW
KWK27-U27,2026-09-08,93,60,33,27,KW
KWK27-U27,2026-09-09,90,60,30,30,KW
KWK27-U27,2026-09-10,51,25,26,-1,KW
KWK27-U27,2026-09-11,69,38,31,7,KW
KWK27-U27,2026-09-14,100,47,53,-6,KW
KWK27-U27,2026-09-15,97,52,45,7,KW
KWK27-U27,2026-09-16,104,74,30,44,KW
KWK27-U27,2026-09-17,99,43,56,-13,KW
KWK27-U27,2026-09-18,39,21,18,3,KW
KWK27-U27,2026-09-21,92,60,32,28,KW
KWK27-U27,2026-09-22,65,28,37,-9,KW
KWK27-U27,2026-09-23,120,56,64,-8,KW
KWK27-U27,2026-09-24,84,33,51,-18,KW
KWK27-U27,2026-09-25,79,36,43,-7,KW
KWK27-U27,2026-09-28,35,16,19,-3,KW
KWK27-U27,2026-09-29,45,22,23,-1,KW
KWK27-U27,2026-09-30,73,40,33,7,KW
KWK27-Z27,2026-09-01,3,3,0,3,KW
KWK27-Z27,2026-09-02,15,15,0,15,KW
KWK27-Z27,2026-09-03,1,0,1,-1,KW
KWK27-Z27,2026-09-10,3,1,2,-1,KW
KWK27-Z27,2026-09-11,4,2,2,0,KW
KWK27-Z27,2026-09-14,6,4,2,2,KW
KWK27-Z27,2026-09-17,1,0,1,-1,KW
KWK27-Z27,2026-09-18,5,0,5,-5,KW
KWK27-Z27,2026-09-23,1,0,1,-1,KW
KWK27-Z27,2026-09-25,10,10,0,10,KW
KWK27-Z27,2026-09-28,1,0,1,-1,KW
KWN27-U27,2026-09-01,472,335,137,198,KW
KWN27-U27,2026-09-02,1038,570,468,102,KW
KWN27-U27,2026-09-03,965,533,432,101,KW
KWN27-U27,2026-09-04,385,194,191,3,KW
KWN27-U27,2026-09-08,335,232,103,129,KW
KWN27-U27,2026-09-09,549,248,301,-53,KW
KWN27-U27,2026-09-10,473,190,283,-93,KW
KWN27-U27,2026-09-11,586,237,349,-112,KW
KWN27-U27,2026-09-14,679,294,385,-91,KW
KWN27-U27,2026-09-15,415,233,182,51,KW
KWN27-U27,2026-09-16,590,202,388,-186,KW
KWN27-U27,2026-09-17,265,157,108,49,KW
KWN27-U27,2026-09-18,344,151,193,-42,KW
KWN27-U27,2026-09-21,220,113,107,6,KW
KWN27-U27,2026-09-22,408,56,352,-296,KW
KWN27-U27,2026-09-23,519,187,332,-145,KW
KWN27-U27,2026-09-24,453,199,254,-55,KW
KWN27-U27,2026-09-25,643,266,377,-111,KW
KWN27-U27,2026-09-28,446,158,288,-130,KW
KWN27-U27,2026-09-29,544,290,254,36,KW
KWN27-U27,2026-09-30,386,128,258,-130,KW
KWN27-Z27,2026-09-01,248,213,35,178,KW
KWN27-Z27,2026-09-02,581,358,223,135,KW
KWN27-Z27,2026-09-03,351,114,237,-123,KW
KWN27-Z27,2026-09-04,44,40,4,36,KW
KWN27-Z27,2026-09-08,124,108,16,92,KW
KWN27-Z27,2026-09-09,210,57,153,-96,KW
KWN27-Z27,2026-09-10,23,1,22,-21,KW
KWN27-Z27,2026-09-11,105,71,34,37,KW
KWN27-Z27,2026-09-14,70,48,22,26,KW
KWN27-Z27,2026-09-15,90,70,20,50,KW
KWN27-Z27,2026-09-16,61,37,24,13,KW
KWN27-Z27,2026-09-17,39,6,33,-27,KW
KWN27-Z27,2026-09-18,29,0,29,-29,KW
KWN27-Z27,2026-09-21,29,8,21,-13,KW
KWN27-Z27,2026-09-22,37,22,15,7,KW
KWN27-Z27,2026-09-23,86,13,73,-60,KW
KWN27-Z27,2026-09-24,58,27,31,-4,KW
KWN27-Z27,2026-09-25,79,20,59,-39,KW
KWN27-Z27,2026-09-28,69,42,27,15,KW
KWN27-Z27,2026-09-29,116,53,63,-10,KW
KWN27-Z27,2026-09-30,140,49,91,-42,KW
KWU26-H27,2026-09-01,9,4,5,-1,KW
KWU26-N27,2026-09-01,1,0,1,-1,KW
KWU26-Z26,2026-09-01,84,77,7,70,KW
KWU26-Z26,2026-09-02,51,47,4,43,KW
KWU26-Z26,2026-09-03,37,2,35,-33,KW
KWU26-Z26,2026-09-04,2,2,0,2,KW
KWU26-Z26,2026-09-08,40,3,37,-34,KW
KWU26-Z26,2026-09-09,8,8,0,8,KW
KWU26-Z26,2026-09-10,25,13,12,1,KW
KWU27-Z27,2026-09-01,122,82,40,42,KW
KWU27-Z27,2026-09-02,380,157,223,-66,KW
KWU27-Z27,2026-09-03,482,190,292,-102,KW
KWU27-Z27,2026-09-04,458,238,220,18,KW
KWU27-Z27,2026-09-08,169,118,51,67,KW
KWU27-Z27,2026-09-09,169,69,100,-31,KW
KWU27-Z27,2026-09-10,143,47,96,-49,KW
KWU27-Z27,2026-09-11,150,62,88,-26,KW
KWU27-Z27,2026-09-14,223,118,105,13,KW
KWU27-Z27,2026-09-15,111,37,74,-37,KW
KWU27-Z27,2026-09-16,283,93,190,-97,KW
KWU27-Z27,2026-09-17,288,102,186,-84,KW
KWU27-Z27,2026-09-18,175,19,156,-137,KW
KWU27-Z27,2026-09-21,102,45,57,-12,KW
KWU27-Z27,2026-09-22,355,29,326,-297,KW
KWU27-Z27,2026-09-23,184,30,154,-124,KW
KWU27-Z27,2026-09-24,71,28,43,-15,KW
KWU27-Z27,2026-09-25,324,143,181,-38,KW
KWU27-Z27,2026-09-28,150,66,84,-18,KW
KWU27-Z27,2026-09-29,261,131,130,1,KW
KWU27-Z27,2026-09-30,263,67,196,-129,KW
KWZ26-H27,2026-09-01,12076,6872,5204,1668,KW
KWZ26-H27,2026-09-02,11933,5641,6292,-651,KW
KWZ26-H27,2026-09-03,15209,7572,7637,-65,KW
KWZ26-H27,2026-09-04,7999,3733,4266,-533,KW
KWZ26-H27,2026-09-08,9799,5075,4724,351,KW
KWZ26-H27,2026-09-09,10805,4339,6466,-2127,KW
KWZ26-H27,2026-09-10,6406,4160,2246,1914,KW
KWZ26-H27,2026-09-11,11905,3752,8153,-4401,KW
KWZ26-H27,2026-09-14,11946,4683,7263,-2580,KW
KWZ26-H27,2026-09-15,6474,3775,2699,1076,KW
KWZ26-H27,2026-09-16,5532,3018,2514,504,KW
KWZ26-H27,2026-09-17,3864,2575,1289,1286,KW
KWZ26-H27,2026-09-18,7097,4055,3042,1013,KW
KWZ26-H27,2026-09-21,2933,1852,1081,771,KW
KWZ26-H27,2026-09-22,4251,1393,2858,-1465,KW
KWZ26-H27,2026-09-23,7950,4299,3651,648,KW
KWZ26-H27,2026-09-24,8126,6364,1762,4602,KW
KWZ26-H27,2026-09-25,11283,5607,5676,-69,KW
KWZ26-H27,2026-09-28,5542,3380,2162,1218,KW
KWZ26-H27,2026-09-29,8347,3912,4435,-523,KW
KWZ26-H27,2026-09-30,9573,3930,5643,-1713,KW
KWZ26-K27,2026-09-01,2026,973,1053,-80,KW
KWZ26-K27,2026-09-02,3185,1685,1500,185,KW
KWZ26-K27,2026-09-03,2546,1208,1338,-130,KW
KWZ26-K27,2026-09-04,1501,809,692,117,KW
KWZ26-K27,2026-09-08,1712,830,882,-52,KW
KWZ26-K27,2026-09-09,1435,677,758,-81,KW
KWZ26-K27,2026-09-10,1155,533,622,-89,KW
KWZ26-K27,2026-09-11,1653,784,869,-85,KW
KWZ26-K27,2026-09-14,1496,586,910,-324,KW
KWZ26-K27,2026-09-15,1191,613,578,35,KW
KWZ26-K27,2026-09-16,1276,672,604,68,KW
KWZ26-K27,2026-09-17,1065,500,565,-65,KW
KWZ26-K27,2026-09-18,1212,568,644,-76,KW
KWZ26-K27,2026-09-21,1235,371,864,-493,KW
KWZ26-K27,2026-09-22,1133,635,498,137,KW
KWZ26-K27,2026-09-23,1231,689,542,147,KW
KWZ26-K27,2026-09-24,1399,799,600,199,KW
KWZ26-K27,2026-09-25,1774,824,950,-126,KW
KWZ26-K27,2026-09-28,1658,940,718,222,KW
KWZ26-K27,2026-09-29,1449,749,700,49,KW
KWZ26-K27,2026-09-30,1678,562,1116,-554,KW
KWZ26-N27,2026-09-01,1413,691,722,-31,KW
KWZ26-N27,2026-09-02,1279,722,557,165,KW
KWZ26-N27,2026-09-03,1228,642,586,56,KW
KWZ26-N27,2026-09-04,983,393,590,-197,KW
KWZ26-N27,2026-09-08,962,449,513,-64,KW
KWZ26-N27,2026-09-09,1524,869,655,214,KW
KWZ26-N27,2026-09-10,1304,966,338,628,KW
KWZ26-N27,2026-09-11,838,385,453,-68,KW
KWZ26-N27,2026-09-14,1478,838,640,198,KW
KWZ26-N27,2026-09-15,1180,858,322,536,KW
KWZ26-N27,2026-09-16,672,362,310,52,KW
KWZ26-N27,2026-09-17,575,294,281,13,KW
KWZ26-N27,2026-09-18,345,140,205,-65,KW
KWZ26-N27,2026-09-21,782,451,331,120,KW
KWZ26-N27,2026-09-22,1094,347,747,-400,KW
KWZ26-N27,2026-09-23,1256,732,524,208,KW
KWZ26-N27,2026-09-24,980,500,480,20,KW
KWZ26-N27,2026-09-25,948,424,524,-100,KW
KWZ26-N27,2026-09-28,799,470,329,141,KW
KWZ26-N27,2026-09-29,1364,772,592,180,KW
KWZ26-N27,2026-09-30,895,486,409,77,KW
KWZ26-U27,2026-09-01,65,53,12,41,KW
KWZ26-U27,2026-09-02,125,104,21,83,KW
KWZ26-U27,2026-09-03,97,58,39,19,KW
KWZ26-U27,2026-09-04,44,36,8,28,KW
KWZ26-U27,2026-09-08,93,53,40,13,KW
KWZ26-U27,2026-09-09,40,24,16,8,KW
KWZ26-U27,2026-09-10,32,17,15,2,KW
KWZ26-U27,2026-09-11,128,105,23,82,KW
KWZ26-U27,2026-09-14,71,31,40,-9,KW
KWZ26-U27,2026-09-15,80,61,19,42,KW
KWZ26-U27,2026-09-16,105,88,17,71,KW
KWZ26-U27,2026-09-17,42,20,22,-2,KW
KWZ26-U27,2026-09-18,24,10,14,-4,KW
KWZ26-U27,2026-09-21,68,41,27,14,KW
KWZ26-U27,2026-09-22,38,17,21,-4,KW
KWZ26-U27,2026-09-23,98,48,50,-2,KW
KWZ26-U27,2026-09-24,47,34,13,21,KW
KWZ26-U27,2026-09-25,128,49,79,-30,KW
KWZ26-U27,2026-09-28,76,50,26,24,KW
KWZ26-U27,2026-09-29,74,31,43,-12,KW
KWZ26-U27,2026-09-30,121,74,47,27,KW
KWZ26-Z27,2026-09-01,18,4,14,-10,KW
KWZ26-Z27,2026-09-02,5,3,2,1,KW
KWZ26-Z27,2026-09-03,74,65,9,56,KW
KWZ26-Z27,2026-09-04,11,10,1,9,KW
KWZ26-Z27,2026-09-08,18,18,0,18,KW
KWZ26-Z27,2026-09-09,11,3,8,-5,KW
KWZ26-Z27,2026-09-10,4,0,4,-4,KW
KWZ26-Z27,2026-09-11,7,4,3,1,KW
KWZ26-Z27,2026-09-14,20,17,3,14,KW
KWZ26-Z27,2026-09-15,5,3,2,1,KW
KWZ26-Z27,2026-09-16,2,2,0,2,KW
KWZ26-Z27,2026-09-18,1,0,1,-1,KW
KWZ26-Z27,2026-09-21,6,0,6,-6,KW
KWZ26-Z27,2026-09-22,16,6,10,-4,KW
KWZ26-Z27,2026-09-23,2,1,1,0,KW
KWZ26-Z27,2026-09-24,1,1,0,1,KW
KWZ26-Z27,2026-09-25,47,35,12,23,KW
KWZ26-Z27,2026-09-28,70,60,10,50,KW
KWZ26-Z27,2026-09-29,100,64,36,28,KW
KWZ26-Z27,2026-09-30,70,34,36,-2,KW
SBF27-H27,2026-09-01,9236,5849,3387,2462,SB
SBF27-H27,2026-09-02,7074,3476,3598,-122,SB
SBF27-H27,2026-09-03,6551,4141,2410,1731,SB
SBF27-H27,2026-09-04,5746,3004,2742,262,SB
SBF27-H27,2026-09-08,8883,3402,5481,-2079,SB
SBF27-H27,2026-09-09,5174,1953,3221,-1268,SB
SBF27-H27,2026-09-10,11080,5881,5199,682,SB
SBF27-H27,2026-09-11,12657,5696,6961,-1265,SB
SBF27-H27,2026-09-14,11155,5030,6125,-1095,SB
SBF27-H27,2026-09-15,6297,3709,2588,1121,SB
SBF27-H27,2026-09-16,9114,3092,6022,-2930,SB
SBF27-H27,2026-09-17,10566,2438,8128,-5690,SB
SBF27-H27,2026-09-18,6657,4176,2481,1695,SB
SBF27-H27,2026-09-21,10516,6989,3527,3462,SB
SBF27-H27,2026-09-22,6855,3307,3548,-241,SB
SBF27-H27,2026-09-23,8373,3476,4897,-1421,SB
SBF27-H27,2026-09-24,8387,4389,3998,391,SB
SBF27-H27,2026-09-25,11265,6465,4800,1665,SB
SBF27-H27,2026-09-28,15508,6594,8914,-2320,SB
SBF27-H27,2026-09-29,6988,3666,3322,344,SB
SBF27-H27,2026-09-30,10318,3536,6782,-3246,SB
SBF27-K27,2026-09-01,2222,1319,903,416,SB
SBF27-K27,2026-09-02,1138,678,460,218,SB
SBF27-K27,2026-09-03,1648,1008,640,368,SB
SBF27-K27,2026-09-04,978,586,392,194,SB
SBF27-K27,2026-09-08,1624,614,1010,-396,SB
SBF27-K27,2026-09-09,871,506,365,141,SB
SBF27-K27,2026-09-10,2080,1011,1069,-58,SB
SBF27-K27,2026-09-11,3103,1228,1875,-647,SB
SBF27-K27,2026-09-14,1419,634,785,-151,SB
SBF27-K27,2026-09-15,1373,755,618,137,SB
SBF27-K27,2026-09-16,1005,568,437,131,SB
SBF27-K27,2026-09-17,2100,899,1201,-302,SB
SBF27-K27,2026-09-18,1505,1045,460,585,SB
SBF27-K27,2026-09-21,1378,815,563,252,SB
SBF27-K27,2026-09-22,1104,431,673,-242,SB
SBF27-K27,2026-09-23,1369,505,864,-359,SB
SBF27-K27,2026-09-24,1310,817,493,324,SB
SBF27-K27,2026-09-25,1255,703,552,151,SB
SBF27-K27,2026-09-28,2777,1117,1660,-543,SB
SBF27-K27,2026-09-29,987,550,437,113,SB
SBF27-K27,2026-09-30,1242,522,720,-198,SB
SBF27-N27,2026-09-01,1555,1041,514,527,SB
SBF27-N27,2026-09-02,852,436,416,20,SB
SBF27-N27,2026-09-03,1016,472,544,-72,SB
SBF27-N27,2026-09-04,631,326,305,21,SB
SBF27-N27,2026-09-08,950,485,465,20,SB
SBF27-N27,2026-09-09,1168,574,594,-20,SB
SBF27-N27,2026-09-10,1228,671,557,114,SB
SBF27-N27,2026-09-11,2818,1303,1515,-212,SB
SBF27-N27,2026-09-14,1649,755,894,-139,SB
SBF27-N27,2026-09-15,890,545,345,200,SB
SBF27-N27,2026-09-16,845,481,364,117,SB
SBF27-N27,2026-09-17,1178,685,493,192,SB
SBF27-N27,2026-09-18,1294,424,870,-446,SB
SBF27-N27,2026-09-21,1292,775,517,258,SB
SBF27-N27,2026-09-22,750,532,218,314,SB
SBF27-N27,2026-09-23,847,268,579,-311,SB
SBF27-N27,2026-09-24,1104,420,684,-264,SB
SBF27-N27,2026-09-25,1005,362,643,-281,SB
SBF27-N27,2026-09-28,1263,453,810,-357,SB
SBF27-N27,2026-09-29,724,458,266,192,SB
SBF27-N27,2026-09-30,1179,688,491,197,SB
SBF27-Q27,2026-09-01,54,30,24,6,SB
SBF27-Q27,2026-09-02,47,20,27,-7,SB
SBF27-Q27,2026-09-03,21,7,14,-7,SB
SBF27-Q27,2026-09-04,18,12,6,6,SB
SBF27-Q27,2026-09-08,60,26,34,-8,SB
SBF27-Q27,2026-09-09,15,8,7,1,SB
SBF27-Q27,2026-09-10,129,96,33,63,SB
SBF27-Q27,2026-09-11,138,20,118,-98,SB
SBF27-Q27,2026-09-14,60,31,29,2,SB
SBF27-Q27,2026-09-15,37,15,22,-7,SB
SBF27-Q27,2026-09-16,47,31,16,15,SB
SBF27-Q27,2026-09-17,45,21,24,-3,SB
SBF27-Q27,2026-09-18,40,18,22,-4,SB
SBF27-Q27,2026-09-21,36,25,11,14,SB
SBF27-Q27,2026-09-22,54,34,20,14,SB
SBF27-Q27,2026-09-23,115,52,63,-11,SB
SBF27-Q27,2026-09-24,53,34,19,15,SB
SBF27-Q27,2026-09-25,70,25,45,-20,SB
SBF27-Q27,2026-09-28,174,113,61,52,SB
SBF27-Q27,2026-09-29,168,103,65,38,SB
SBF27-Q27,2026-09-30,151,94,57,37,SB
SBF27-U27,2026-09-01,2,0,2,-2,SB
SBF27-U27,2026-09-04,1,1,0,1,SB
SBF27-U27,2026-09-09,7,3,4,-1,SB
SBF27-U27,2026-09-10,3,1,2,-1,SB
SBF27-U27,2026-09-14,1,0,1,-1,SB
SBF27-U27,2026-09-15,8,2,6,-4,SB
SBF27-U27,2026-09-16,11,0,11,-11,SB
SBF27-U27,2026-09-18,7,7,0,7,SB
SBF27-U27,2026-09-21,3,3,0,3,SB
SBF27-U27,2026-09-22,12,8,4,4,SB
SBF27-U27,2026-09-23,73,3,70,-67,SB
SBF27-U27,2026-09-24,22,15,7,8,SB
SBF27-U27,2026-09-25,17,3,14,-11,SB
SBF27-U27,2026-09-28,27,2,25,-23,SB
SBF27-U27,2026-09-29,9,1,8,-7,SB
SBF27-U27,2026-09-30,86,62,24,38,SB
SBF27-X27,2026-09-01,153,105,48,57,SB
SBF27-X27,2026-09-02,114,33,81,-48,SB
SBF27-X27,2026-09-03,54,18,36,-18,SB
SBF27-X27,2026-09-04,83,52,31,21,SB
SBF27-X27,2026-09-08,55,22,33,-11,SB
SBF27-X27,2026-09-09,29,15,14,1,SB
SBF27-X27,2026-09-10,168,110,58,52,SB
SBF27-X27,2026-09-11,87,62,25,37,SB
SBF27-X27,2026-09-14,88,69,19,50,SB
SBF27-X27,2026-09-15,134,101,33,68,SB
SBF27-X27,2026-09-16,65,28,37,-9,SB
SBF27-X27,2026-09-17,42,30,12,18,SB
SBF27-X27,2026-09-18,178,121,57,64,SB
SBF27-X27,2026-09-21,85,54,31,23,SB
SBF27-X27,2026-09-22,38,24,14,10,SB
SBF27-X27,2026-09-23,77,23,54,-31,SB
SBF27-X27,2026-09-24,72,31,41,-10,SB
SBF27-X27,2026-09-25,68,20,48,-28,SB
SBF27-X27,2026-09-28,146,51,95,-44,SB
SBF27-X27,2026-09-29,95,35,60,-25,SB
SBF27-X27,2026-09-30,153,54,99,-45,SB
SBH27-K27,2026-09-01,4216,2479,1737,742,SB
SBH27-K27,2026-09-02,3871,2409,1462,947,SB
SBH27-K27,2026-09-03,1796,915,881,34,SB
SBH27-K27,2026-09-04,2089,1061,1028,33,SB
SBH27-K27,2026-09-08,3682,1970,1712,258,SB
SBH27-K27,2026-09-09,1937,766,1171,-405,SB
SBH27-K27,2026-09-10,3463,2018,1445,573,SB
SBH27-K27,2026-09-11,3774,1517,2257,-740,SB
SBH27-K27,2026-09-14,2428,1150,1278,-128,SB
SBH27-K27,2026-09-15,2698,1505,1193,312,SB
SBH27-K27,2026-09-16,3369,1707,1662,45,SB
SBH27-K27,2026-09-17,5251,3271,1980,1291,SB
SBH27-K27,2026-09-18,2897,1067,1830,-763,SB
SBH27-K27,2026-09-21,3352,2106,1246,860,SB
SBH27-K27,2026-09-22,1995,1028,967,61,SB
SBH27-K27,2026-09-23,1926,862,1064,-202,SB
SBH27-K27,2026-09-24,1645,751,894,-143,SB
SBH27-K27,2026-09-25,4412,2451,1961,490,SB
SBH27-K27,2026-09-28,2736,1364,1372,-8,SB
SBH27-K27,2026-09-29,2259,1135,1124,11,SB
SBH27-K27,2026-09-30,3467,809,2658,-1849,SB
SBH27-N27,2026-09-01,1245,764,481,283,SB
SBH27-N27,2026-09-02,765,371,394,-23,SB
SBH27-N27,2026-09-03,1341,367,974,-607,SB
SBH27-N27,2026-09-04,672,340,332,8,SB
SBH27-N27,2026-09-08,1232,691,541,150,SB
SBH27-N27,2026-09-09,978,186,792,-606,SB
SBH27-N27,2026-09-10,1912,1393,519,874,SB
SBH27-N27,2026-09-11,1406,493,913,-420,SB
SBH27-N27,2026-09-14,1120,432,688,-256,SB
SBH27-N27,2026-09-15,738,367,371,-4,SB
SBH27-N27,2026-09-16,1266,719,547,172,SB
SBH27-N27,2026-09-17,1495,862,633,229,SB
SBH27-N27,2026-09-18,1277,528,749,-221,SB
SBH27-N27,2026-09-21,1734,500,1234,-734,SB
SBH27-N27,2026-09-22,1006,335,671,-336,SB
SBH27-N27,2026-09-23,713,243,470,-227,SB
SBH27-N27,2026-09-24,846,483,363,120,SB
SBH27-N27,2026-09-25,1451,391,1060,-669,SB
SBH27-N27,2026-09-28,1206,533,673,-140,SB
SBH27-N27,2026-09-29,829,591,238,353,SB
SBH27-N27,2026-09-30,2789,1050,1739,-689,SB
SBH27-Q27,2026-09-01,182,79,103,-24,SB
SBH27-Q27,2026-09-02,110,34,76,-42,SB
SBH27-Q27,2026-09-03,118,81,37,44,SB
SBH27-Q27,2026-09-04,101,56,45,11,SB
SBH27-Q27,2026-09-08,80,42,38,4,SB
SBH27-Q27,2026-09-09,55,37,18,19,SB
SBH27-Q27,2026-09-10,51,27,24,3,SB
SBH27-Q27,2026-09-11,154,77,77,0,SB
SBH27-Q27,2026-09-14,91,59,32,27,SB
SBH27-Q27,2026-09-15,49,35,14,21,SB
SBH27-Q27,2026-09-16,35,12,23,-11,SB
SBH27-Q27,2026-09-17,20,9,11,-2,SB
SBH27-Q27,2026-09-18,59,41,18,23,SB
SBH27-Q27,2026-09-21,256,99,157,-58,SB
SBH27-Q27,2026-09-22,78,36,42,-6,SB
SBH27-Q27,2026-09-23,131,30,101,-71,SB
SBH27-Q27,2026-09-24,182,117,65,52,SB
SBH27-Q27,2026-09-25,123,58,65,-7,SB
SBH27-Q27,2026-09-28,214,104,110,-6,SB
SBH27-Q27,2026-09-29,102,48,54,-6,SB
SBH27-Q27,2026-09-30,114,49,65,-16,SB
SBH27-U27,2026-09-01,5,3,2,1,SB
SBH27-U27,2026-09-02,7,5,2,3,SB
SBH27-U27,2026-09-03,4,3,1,2,SB
SBH27-U27,2026-09-04,13,4,9,-5,SB
SBH27-U27,2026-09-08,3,2,1,1,SB
SBH27-U27,2026-09-09,3,1,2,-1,SB
SBH27-U27,2026-09-10,2,2,0,2,SB
SBH27-U27,2026-09-11,11,7,4,3,SB
SBH27-U27,2026-09-14,4,2,2,0,SB
SBH27-U27,2026-09-15,3,2,1,1,SB
SBH27-U27,2026-09-16,5,5,0,5,SB
SBH27-U27,2026-09-17,6,5,1,4,SB
SBH27-U27,2026-09-18,16,11,5,6,SB
SBH27-U27,2026-09-21,9,3,6,-3,SB
SBH27-U27,2026-09-22,23,4,19,-15,SB
SBH27-U27,2026-09-23,27,22,5,17,SB
SBH27-U27,2026-09-24,16,5,11,-6,SB
SBH27-U27,2026-09-25,14,3,11,-8,SB
SBH27-U27,2026-09-28,10,5,5,0,SB
SBH27-U27,2026-09-29,16,8,8,0,SB
SBH27-U27,2026-09-30,43,29,14,15,SB
SBH27-X27,2026-09-01,90,39,51,-12,SB
SBH27-X27,2026-09-02,63,16,47,-31,SB
SBH27-X27,2026-09-03,49,14,35,-21,SB
SBH27-X27,2026-09-04,51,39,12,27,SB
SBH27-X27,2026-09-08,22,14,8,6,SB
SBH27-X27,2026-09-09,86,73,13,60,SB
SBH27-X27,2026-09-10,55,33,22,11,SB
SBH27-X27,2026-09-11,76,44,32,12,SB
SBH27-X27,2026-09-14,534,200,334,-134,SB
SBH27-X27,2026-09-15,23,12,11,1,SB
SBH27-X27,2026-09-16,58,36,22,14,SB
SBH27-X27,2026-09-17,27,15,12,3,SB
SBH27-X27,2026-09-18,44,25,19,6,SB
SBH27-X27,2026-09-21,150,62,88,-26,SB
SBH27-X27,2026-09-22,36,25,11,14,SB
SBH27-X27,2026-09-23,141,87,54,33,SB
SBH27-X27,2026-09-24,85,42,43,-1,SB
SBH27-X27,2026-09-25,266,207,59,148,SB
SBH27-X27,2026-09-28,113,57,56,1,SB
SBH27-X27,2026-09-29,104,50,54,-4,SB
SBH27-X27,2026-09-30,256,57,199,-142,SB
SBK27-N27,2026-09-01,4155,2451,1704,747,SB
SBK27-N27,2026-09-02,3154,1489,1665,-176,SB
SBK27-N27,2026-09-03,2465,955,1510,-555,SB
SBK27-N27,2026-09-04,1928,895,1033,-138,SB
SBK27-N27,2026-09-08,2578,1278,1300,-22,SB
SBK27-N27,2026-09-09,1931,490,1441,-951,SB
SBK27-N27,2026-09-10,2823,1325,1498,-173,SB
SBK27-N27,2026-09-11,3939,1761,2178,-417,SB
SBK27-N27,2026-09-14,1855,806,1049,-243,SB
SBK27-N27,2026-09-15,3714,1971,1743,228,SB
SBK27-N27,2026-09-16,2894,902,1992,-1090,SB
SBK27-N27,2026-09-17,4215,1614,2601,-987,SB
SBK27-N27,2026-09-18,2753,1561,1192,369,SB
SBK27-N27,2026-09-21,2083,1320,763,557,SB
SBK27-N27,2026-09-22,2894,1304,1590,-286,SB
SBK27-N27,2026-09-23,2613,889,1724,-835,SB
SBK27-N27,2026-09-24,3306,1267,2039,-772,SB
SBK27-N27,2026-09-25,3340,1735,1605,130,SB
SBK27-N27,2026-09-28,3582,689,2893,-2204,SB
SBK27-N27,2026-09-29,1628,862,766,96,SB
SBK27-N27,2026-09-30,4880,1882,2998,-1116,SB
SBK27-Q27,2026-09-01,397,197,200,-3,SB
SBK27-Q27,2026-09-02,159,85,74,11,SB
SBK27-Q27,2026-09-03,121,70,51,19,SB
SBK27-Q27,2026-09-04,120,53,67,-14,SB
SBK27-Q27,2026-09-08,70,41,29,12,SB
SBK27-Q27,2026-09-09,36,11,25,-14,SB
SBK27-Q27,2026-09-10,65,31,34,-3,SB
SBK27-Q27,2026-09-11,170,104,66,38,SB
SBK27-Q27,2026-09-14,110,86,24,62,SB
SBK27-Q27,2026-09-15,81,35,46,-11,SB
SBK27-Q27,2026-09-16,93,51,42,9,SB
SBK27-Q27,2026-09-17,98,44,54,-10,SB
SBK27-Q27,2026-09-18,49,19,30,-11,SB
SBK27-Q27,2026-09-21,59,28,31,-3,SB
SBK27-Q27,2026-09-22,79,50,29,21,SB
SBK27-Q27,2026-09-23,160,51,109,-58,SB
SBK27-Q27,2026-09-24,47,29,18,11,SB
SBK27-Q27,2026-09-25,140,51,89,-38,SB
SBK27-Q27,2026-09-28,81,41,40,1,SB
SBK27-Q27,2026-09-29,59,30,29,1,SB
SBK27-Q27,2026-09-30,175,84,91,-7,SB
SBK27-U27,2026-09-01,7,0,7,-7,SB
SBK27-U27,2026-09-02,3,1,2,-1,SB
SBK27-U27,2026-09-03,11,8,3,5,SB
SBK27-U27,2026-09-04,5,1,4,-3,SB
SBK27-U27,2026-09-08,3,2,1,1,SB
SBK27-U27,2026-09-10,6,5,1,4,SB
SBK27-U27,2026-09-11,4,4,0,4,SB
SBK27-U27,2026-09-14,7,5,2,3,SB
SBK27-U27,2026-09-15,6,3,3,0,SB
SBK27-U27,2026-09-16,6,6,0,6,SB
SBK27-U27,2026-09-17,4,2,2,0,SB
SBK27-U27,2026-09-18,6,3,3,0,SB
SBK27-U27,2026-09-21,6,5,1,4,SB
SBK27-U27,2026-09-22,2,2,0,2,SB
SBK27-U27,2026-09-23,3,2,1,1,SB
SBK27-U27,2026-09-24,6,5,1,4,SB
SBK27-U27,2026-09-25,4,2,2,0,SB
SBK27-U27,2026-09-28,6,4,2,2,SB
SBK27-U27,2026-09-29,4,1,3,-2,SB
SBK27-U27,2026-09-30,28,13,15,-2,SB
SBK27-X27,2026-09-01,291,247,44,203,SB
SBK27-X27,2026-09-02,230,167,63,104,SB
SBK27-X27,2026-09-03,48,23,25,-2,SB
SBK27-X27,2026-09-04,66,55,11,44,SB
SBK27-X27,2026-09-08,31,28,3,25,SB
SBK27-X27,2026-09-09,27,13,14,-1,SB
SBK27-X27,2026-09-10,56,31,25,6,SB
SBK27-X27,2026-09-11,456,42,414,-372,SB
SBK27-X27,2026-09-14,71,55,16,39,SB
SBK27-X27,2026-09-15,48,39,9,30,SB
SBK27-X27,2026-09-16,144,137,7,130,SB
SBK27-X27,2026-09-17,35,13,22,-9,SB
SBK27-X27,2026-09-18,52,8,44,-36,SB
SBK27-X27,2026-09-21,69,21,48,-27,SB
SBK27-X27,2026-09-22,29,21,8,13,SB
SBK27-X27,2026-09-23,40,17,23,-6,SB
SBK27-X27,2026-09-24,39,22,17,5,SB
SBK27-X27,2026-09-25,57,28,29,-1,SB
SBK27-X27,2026-09-28,96,33,63,-30,SB
SBK27-X27,2026-09-29,105,44,61,-17,SB
SBK27-X27,2026-09-30,120,43,77,-34,SB
SBN27-Q27,2026-09-01,804,460,344,116,SB
SBN27-Q27,2026-09-02,501,287,214,73,SB
SBN27-Q27,2026-09-03,251,124,127,-3,SB
SBN27-Q27,2026-09-04,898,707,191,516,SB
SBN27-Q27,2026-09-08,369,108,261,-153,SB
SBN27-Q27,2026-09-09,237,128,109,19,SB
SBN27-Q27,2026-09-10,287,95,192,-97,SB
SBN27-Q27,2026-09-11,917,491,426,65,SB
SBN27-Q27,2026-09-14,495,259,236,23,SB
SBN27-Q27,2026-09-15,440,293,147,146,SB
SBN27-Q27,2026-09-16,650,440,210,230,SB
SBN27-Q27,2026-09-17,350,138,212,-74,SB
SBN27-Q27,2026-09-18,407,240,167,73,SB
SBN27-Q27,2026-09-21,227,120,107,13,SB
SBN27-Q27,2026-09-22,264,81,183,-102,SB
SBN27-Q27,2026-09-23,405,227,178,49,SB
SBN27-Q27,2026-09-24,349,205,144,61,SB
SBN27-Q27,2026-09-25,479,227,252,-25,SB
SBN27-Q27,2026-09-28,464,161,303,-142,SB
SBN27-Q27,2026-09-29,529,281,248,33,SB
SBN27-Q27,2026-09-30,1101,579,522,57,SB
SBN27-U27,2026-09-01,79,17,62,-45,SB
SBN27-U27,2026-09-02,15,2,13,-11,SB
SBN27-U27,2026-09-03,27,6,21,-15,SB
SBN27-U27,2026-09-04,24,15,9,6,SB
SBN27-U27,2026-09-08,30,25,5,20,SB
SBN27-U27,2026-09-09,14,7,7,0,SB
SBN27-U27,2026-09-10,8,4,4,0,SB
SBN27-U27,2026-09-11,61,43,18,25,SB
SBN27-U27,2026-09-14,80,63,17,46,SB
SBN27-U27,2026-09-15,16,7,9,-2,SB
SBN27-U27,2026-09-16,28,18,10,8,SB
SBN27-U27,2026-09-17,24,7,17,-10,SB
SBN27-U27,2026-09-18,24,17,7,10,SB
SBN27-U27,2026-09-21,19,12,7,5,SB
SBN27-U27,2026-09-22,38,27,11,16,SB
SBN27-U27,2026-09-23,12,4,8,-4,SB
SBN27-U27,2026-09-24,12,3,9,-6,SB
SBN27-U27,2026-09-25,40,6,34,-28,SB
SBN27-U27,2026-09-28,37,4,33,-29,SB
SBN27-U27,2026-09-29,22,5,17,-12,SB
SBN27-U27,2026-09-30,109,37,72,-35,SB
SBN27-X27,2026-09-01,3763,1919,1844,75,SB
SBN27-X27,2026-09-02,3773,1479,2294,-815,SB
SBN27-X27,2026-09-03,2595,1395,1200,195,SB
SBN27-X27,2026-09-04,1568,868,700,168,SB
SBN27-X27,2026-09-08,975,538,437,101,SB
SBN27-X27,2026-09-09,886,220,666,-446,SB
SBN27-X27,2026-09-10,990,428,562,-134,SB
SBN27-X27,2026-09-11,6364,2581,3783,-1202,SB
SBN27-X27,2026-09-14,1253,721,532,189,SB
SBN27-X27,2026-09-15,1646,991,655,336,SB
SBN27-X27,2026-09-16,1831,767,1064,-297,SB
SBN27-X27,2026-09-17,1314,399,915,-516,SB
SBN27-X27,2026-09-18,2477,797,1680,-883,SB
SBN27-X27,2026-09-21,1959,853,1106,-253,SB
SBN27-X27,2026-09-22,666,239,427,-188,SB
SBN27-X27,2026-09-23,1428,470,958,-488,SB
SBN27-X27,2026-09-24,2432,1189,1243,-54,SB
SBN27-X27,2026-09-25,3079,1524,1555,-31,SB
SBN27-X27,2026-09-28,2875,872,2003,-1131,SB
SBN27-X27,2026-09-29,2098,1167,931,236,SB
SBN27-X27,2026-09-30,6694,2888,3806,-918,SB
SBQ27-U27,2026-09-01,275,186,89,97,SB
SBQ27-U27,2026-09-02,139,68,71,-3,SB
SBQ27-U27,2026-09-03,200,43,157,-114,SB
SBQ27-U27,2026-09-04,236,129,107,22,SB
SBQ27-U27,2026-09-08,232,166,66,100,SB
SBQ27-U27,2026-09-09,97,50,47,3,SB
SBQ27-U27,2026-09-10,87,45,42,3,SB
SBQ27-U27,2026-09-11,329,171,158,13,SB
SBQ27-U27,2026-09-14,288,183,105,78,SB
SBQ27-U27,2026-09-15,190,86,104,-18,SB
SBQ27-U27,2026-09-16,484,171,313,-142,SB
SBQ27-U27,2026-09-17,181,73,108,-35,SB
SBQ27-U27,2026-09-18,241,80,161,-81,SB
SBQ27-U27,2026-09-21,174,67,107,-40,SB
SBQ27-U27,2026-09-22,105,61,44,17,SB
SBQ27-U27,2026-09-23,150,59,91,-32,SB
SBQ27-U27,2026-09-24,116,78,38,40,SB
SBQ27-U27,2026-09-25,181,98,83,15,SB
SBQ27-U27,2026-09-28,190,61,129,-68,SB
SBQ27-U27,2026-09-29,156,52,104,-52,SB
SBQ27-U27,2026-09-30,816,405,411,-6,SB
SBQ27-X27,2026-09-01,58,39,19,20,SB
SBQ27-X27,2026-09-02,101,34,67,-33,SB
SBQ27-X27,2026-09-03,96,36,60,-24,SB
SBQ27-X27,2026-09-04,40,21,19,2,SB
SBQ27-X27,2026-09-08,24,17,7,10,SB
SBQ27-X27,2026-09-09,13,4,9,-5,SB
SBQ27-X27,2026-09-10,35,17,18,-1,SB
SBQ27-X27,2026-09-11,84,32,52,-20,SB
SBQ27-X27,2026-09-14,121,39,82,-43,SB
SBQ27-X27,2026-09-15,107,43,64,-21,SB
SBQ27-X27,2026-09-16,65,24,41,-17,SB
SBQ27-X27,2026-09-17,19,7,12,-5,SB
SBQ27-X27,2026-09-18,38,12,26,-14,SB
SBQ27-X27,2026-09-21,43,15,28,-13,SB
SBQ27-X27,2026-09-22,56,29,27,2,SB
SBQ27-X27,2026-09-23,20,6,14,-8,SB
SBQ27-X27,2026-09-24,39,25,14,11,SB
SBQ27-X27,2026-09-25,57,14,43,-29,SB
SBQ27-X27,2026-09-28,31,19,12,7,SB
SBQ27-X27,2026-09-29,77,37,40,-3,SB
SBQ27-X27,2026-09-30,220,105,115,-10,SB
SBU26-F27,2026-09-01,2,1,1,0,SB
SBU26-F27,2026-09-03,10,7,3,4,SB
SBU26-F27,2026-09-08,4,3,1,2,SB
SBU26-X26,2026-09-01,212,193,19,174,SB
SBU26-X26,2026-09-02,200,162,38,124,SB
SBU26-X26,2026-09-03,173,116,57,59,SB
SBU26-X26,2026-09-04,26,3,23,-20,SB
SBU26-X26,2026-09-08,49,43,6,37,SB
SBU26-X26,2026-09-09,21,13,8,5,SB
SBU26-X26,2026-09-10,6,6,0,6,SB
SBU26-X26,2026-09-11,3,3,0,3,SB
SBU26-X26,2026-09-14,1,1,0,1,SB
SBU27-X27,2026-09-01,712,429,283,146,SB
SBU27-X27,2026-09-02,314,145,169,-24,SB
SBU27-X27,2026-09-03,284,170,114,56,SB
SBU27-X27,2026-09-04,230,133,97,36,SB
SBU27-X27,2026-09-08,189,127,62,65,SB
SBU27-X27,2026-09-09,140,79,61,18,SB
SBU27-X27,2026-09-10,180,97,83,14,SB
SBU27-X27,2026-09-11,520,295,225,70,SB
SBU27-X27,2026-09-14,227,171,56,115,SB
SBU27-X27,2026-09-15,96,44,52,-8,SB
SBU27-X27,2026-09-16,237,168,69,99,SB
SBU27-X27,2026-09-17,218,167,51,116,SB
SBU27-X27,2026-09-18,694,237,457,-220,SB
SBU27-X27,2026-09-21,192,97,95,2,SB
SBU27-X27,2026-09-22,183,114,69,45,SB
SBU27-X27,2026-09-23,299,150,149,1,SB
SBU27-X27,2026-09-24,190,95,95,0,SB
SBU27-X27,2026-09-25,323,169,154,15,SB
SBU27-X27,2026-09-28,325,167,158,9,SB
SBU27-X27,2026-09-29,372,206,166,40,SB
SBU27-X27,2026-09-30,1082,615,467,148,SB
SBX26-F27,2026-09-01,36005,18741,17264,1477,SB
SBX26-F27,2026-09-02,36284,17962,18322,-360,SB
SBX26-F27,2026-09-03,21627,9828,11799,-1971,SB
SBX26-F27,2026-09-04,25756,13654,12102,1552,SB
SBX26-F27,2026-09-08,21546,10575,10971,-396,SB
SBX26-F27,2026-09-09,13768,8217,5551,2666,SB
SBX26-F27,2026-09-10,30934,19964,10970,8994,SB
SBX26-F27,2026-09-11,45285,22632,22653,-21,SB
SBX26-F27,2026-09-14,17263,5912,11351,-5439,SB
SBX26-F27,2026-09-15,24468,1620,22848,-21228,SB
SBX26-F27,2026-09-16,24425,10120,14305,-4185,SB
SBX26-F27,2026-09-17,32296,9092,23204,-14112,SB
SBX26-F27,2026-09-18,17880,11348,6532,4816,SB
SBX26-F27,2026-09-21,19416,13180,6236,6944,SB
SBX26-F27,2026-09-22,22860,11743,11117,626,SB
SBX26-F27,2026-09-23,23402,13508,9894,3614,SB
SBX26-F27,2026-09-24,43506,29220,14286,14934,SB
SBX26-F27,2026-09-25,47225,27486,19739,7747,SB
SBX26-F27,2026-09-28,45788,18848,26940,-8092,SB
SBX26-F27,2026-09-29,31640,15963,15677,286,SB
SBX26-F27,2026-09-30,43565,14500,29065,-14565,SB
SBX26-H27,2026-09-01,11319,6821,4498,2323,SB
SBX26-H27,2026-09-02,9107,4903,4204,699,SB
SBX26-H27,2026-09-03,9828,6126,3702,2424,SB
SBX26-H27,2026-09-04,6383,3624,2759,865,SB
SBX26-H27,2026-09-08,9367,4136,5231,-1095,SB
SBX26-H27,2026-09-09,5643,2665,2978,-313,SB
SBX26-H27,2026-09-10,11355,6631,4724,1907,SB
SBX26-H27,2026-09-11,14791,7483,7308,175,SB
SBX26-H27,2026-09-14,5563,2801,2762,39,SB
SBX26-H27,2026-09-15,6497,3115,3382,-267,SB
SBX26-H27,2026-09-16,7421,4363,3058,1305,SB
SBX26-H27,2026-09-17,13336,5679,7657,-1978,SB
SBX26-H27,2026-09-18,7513,3496,4017,-521,SB
SBX26-H27,2026-09-21,9131,4583,4548,35,SB
SBX26-H27,2026-09-22,8470,3386,5084,-1698,SB
SBX26-H27,2026-09-23,7888,4214,3674,540,SB
SBX26-H27,2026-09-24,9289,4799,4490,309,SB
SBX26-H27,2026-09-25,12534,7491,5043,2448,SB
SBX26-H27,2026-09-28,11737,4932,6805,-1873,SB
SBX26-H27,2026-09-29,11029,4437,6592,-2155,SB
SBX26-H27,2026-09-30,9022,3619,5403,-1784,SB
SBX26-K27,2026-09-01,4044,2518,1526,992,SB
SBX26-K27,2026-09-02,2526,1319,1207,112,SB
SBX26-K27,2026-09-03,2393,1237,1156,81,SB
SBX26-K27,2026-09-04,1849,723,1126,-403,SB
SBX26-K27,2026-09-08,3551,1503,2048,-545,SB
SBX26-K27,2026-09-09,2404,785,1619,-834,SB
SBX26-K27,2026-09-10,3633,2225,1408,817,SB
SBX26-K27,2026-09-11,4755,1674,3081,-1407,SB
SBX26-K27,2026-09-14,2041,1129,912,217,SB
SBX26-K27,2026-09-15,3082,1765,1317,448,SB
SBX26-K27,2026-09-16,1796,986,810,176,SB
SBX26-K27,2026-09-17,2576,1415,1161,254,SB
SBX26-K27,2026-09-18,1668,778,890,-112,SB
SBX26-K27,2026-09-21,2562,1064,1498,-434,SB
SBX26-K27,2026-09-22,1808,919,889,30,SB
SBX26-K27,2026-09-23,1951,1010,941,69,SB
SBX26-K27,2026-09-24,2260,1153,1107,46,SB
SBX26-K27,2026-09-25,2713,1506,1207,299,SB
SBX26-K27,2026-09-28,4573,1697,2876,-1179,SB
SBX26-K27,2026-09-29,1682,770,912,-142,SB
SBX26-K27,2026-09-30,2368,1168,1200,-32,SB
SBX26-N27,2026-09-01,4494,3219,1275,1944,SB
SBX26-N27,2026-09-02,2276,1192,1084,108,SB
SBX26-N27,2026-09-03,2563,1281,1282,-1,SB
SBX26-N27,2026-09-04,1617,947,670,277,SB
SBX26-N27,2026-09-08,3116,1389,1727,-338,SB
SBX26-N27,2026-09-09,2040,656,1384,-728,SB
SBX26-N27,2026-09-10,2933,1604,1329,275,SB
SBX26-N27,2026-09-11,4272,1793,2479,-686,SB
SBX26-N27,2026-09-14,3306,1396,1910,-514,SB
SBX26-N27,2026-09-15,2789,1857,932,925,SB
SBX26-N27,2026-09-16,2076,1039,1037,2,SB
SBX26-N27,2026-09-17,2835,1387,1448,-61,SB
SBX26-N27,2026-09-18,2886,1469,1417,52,SB
SBX26-N27,2026-09-21,2507,1488,1019,469,SB
SBX26-N27,2026-09-22,1935,1067,868,199,SB
SBX26-N27,2026-09-23,2192,1128,1064,64,SB
SBX26-N27,2026-09-24,2371,1275,1096,179,SB
SBX26-N27,2026-09-25,2625,1131,1494,-363,SB
SBX26-N27,2026-09-28,3277,1236,2041,-805,SB
SBX26-N27,2026-09-29,1912,856,1056,-200,SB
SBX26-N27,2026-09-30,3718,1764,1954,-190,SB
SBX26-Q27,2026-09-01,212,100,112,-12,SB
SBX26-Q27,2026-09-02,155,63,92,-29,SB
SBX26-Q27,2026-09-03,235,120,115,5,SB
SBX26-Q27,2026-09-04,101,58,43,15,SB
SBX26-Q27,2026-09-08,146,75,71,4,SB
SBX26-Q27,2026-09-09,63,36,27,9,SB
SBX26-Q27,2026-09-10,127,84,43,41,SB
SBX26-Q27,2026-09-11,301,143,158,-15,SB
SBX26-Q27,2026-09-14,127,72,55,17,SB
SBX26-Q27,2026-09-15,207,80,127,-47,SB
SBX26-Q27,2026-09-16,91,57,34,23,SB
SBX26-Q27,2026-09-17,142,78,64,14,SB
SBX26-Q27,2026-09-18,167,84,83,1,SB
SBX26-Q27,2026-09-21,122,53,69,-16,SB
SBX26-Q27,2026-09-22,195,79,116,-37,SB
SBX26-Q27,2026-09-23,202,75,127,-52,SB
SBX26-Q27,2026-09-24,162,76,86,-10,SB
SBX26-Q27,2026-09-25,208,105,103,2,SB
SBX26-Q27,2026-09-28,232,98,134,-36,SB
SBX26-Q27,2026-09-29,146,53,93,-40,SB
SBX26-Q27,2026-09-30,238,93,145,-52,SB
SBX26-U27,2026-09-01,18,14,4,10,SB
SBX26-U27,2026-09-02,6,5,1,4,SB
SBX26-U27,2026-09-03,12,6,6,0,SB
SBX26-U27,2026-09-08,7,6,1,5,SB
SBX26-U27,2026-09-11,6,2,4,-2,SB
SBX26-U27,2026-09-14,7,6,1,5,SB
SBX26-U27,2026-09-15,11,5,6,-1,SB
SBX26-U27,2026-09-16,19,17,2,15,SB
SBX26-U27,2026-09-17,2,2,0,2,SB
SBX26-U27,2026-09-21,6,3,3,0,SB
SBX26-U27,2026-09-22,10,6,4,2,SB
SBX26-U27,2026-09-23,8,3,5,-2,SB
SBX26-U27,2026-09-25,11,6,5,1,SB
SBX26-U27,2026-09-28,27,5,22,-17,SB
SBX26-U27,2026-09-29,5,3,2,1,SB
SBX26-U27,2026-09-30,21,9,12,-3,SB
SBX26-X27,2026-09-01,852,608,244,364,SB
SBX26-X27,2026-09-02,383,194,189,5,SB
SBX26-X27,2026-09-03,423,268,155,113,SB
SBX26-X27,2026-09-04,427,284,143,141,SB
SBX26-X27,2026-09-08,361,224,137,87,SB
SBX26-X27,2026-09-09,236,110,126,-16,SB
SBX26-X27,2026-09-10,619,473,146,327,SB
SBX26-X27,2026-09-11,863,289,574,-285,SB
SBX26-X27,2026-09-14,499,256,243,13,SB
SBX26-X27,2026-09-15,508,372,136,236,SB
SBX26-X27,2026-09-16,497,347,150,197,SB
SBX26-X27,2026-09-17,488,249,239,10,SB
SBX26-X27,2026-09-18,593,321,272,49,SB
SBX26-X27,2026-09-21,491,316,175,141,SB
SBX26-X27,2026-09-22,545,278,267,11,SB
SBX26-X27,2026-09-23,687,375,312,63,SB
SBX26-X27,2026-09-24,591,268,323,-55,SB
SBX26-X27,2026-09-25,807,252,555,-303,SB
SBX26-X27,2026-09-28,1337,527,810,-283,SB
SBX26-X27,2026-09-29,558,329,229,100,SB
SBX26-X27,2026-09-30,1206,653,553,100,SB
SMF27-H27,2026-09-01,3964,2656,1308,1348,SM
SMF27-H27,2026-09-02,4746,2163,2583,-420,SM
SMF27-H27,2026-09-03,4004,2261,1743,518,SM
SMF27-H27,2026-09-04,4586,2390,2196,194,SM
SMF27-H27,2026-09-08,5014,1990,3024,-1034,SM
SMF27-H27,2026-09-09,6530,3866,2664,1202,SM
SMF27-H27,2026-09-10,6506,3128,3378,-250,SM
SMF27-H27,2026-09-11,5322,2723,2599,124,SM
SMF27-H27,2026-09-14,6909,3771,3138,633,SM
SMF27-H27,2026-09-15,4587,2299,2288,11,SM
SMF27-H27,2026-09-16,5992,3441,2551,890,SM
SMF27-H27,2026-09-17,9321,4837,4484,353,SM
SMF27-H27,2026-09-18,6374,2694,3680,-986,SM
SMF27-H27,2026-09-21,5228,3197,2031,1166,SM
SMF27-H27,2026-09-22,4654,2285,2369,-84,SM
SMF27-H27,2026-09-23,4862,2799,2063,736,SM
SMF27-H27,2026-09-24,7185,3616,3569,47,SM
SMF27-H27,2026-09-25,7451,3856,3595,261,SM
SMF27-H27,2026-09-28,8224,4592,3632,960,SM
SMF27-H27,2026-09-29,10214,5505,4709,796,SM
SMF27-H27,2026-09-30,7678,3432,4246,-814,SM
SMF27-K27,2026-09-01,1173,675,498,177,SM
SMF27-K27,2026-09-02,874,502,372,130,SM
SMF27-K27,2026-09-03,910,512,398,114,SM
SMF27-K27,2026-09-04,470,236,234,2,SM
SMF27-K27,2026-09-08,762,308,454,-146,SM
SMF27-K27,2026-09-09,383,222,161,61,SM
SMF27-K27,2026-09-10,534,352,182,170,SM
SMF27-K27,2026-09-11,749,406,343,63,SM
SMF27-K27,2026-09-14,661,338,323,15,SM
SMF27-K27,2026-09-15,613,388,225,163,SM
SMF27-K27,2026-09-16,701,468,233,235,SM
SMF27-K27,2026-09-17,1144,653,491,162,SM
SMF27-K27,2026-09-18,853,409,444,-35,SM
SMF27-K27,2026-09-21,1018,338,680,-342,SM
SMF27-K27,2026-09-22,978,717,261,456,SM
SMF27-K27,2026-09-23,975,670,305,365,SM
SMF27-K27,2026-09-24,1978,1363,615,748,SM
SMF27-K27,2026-09-25,1766,766,1000,-234,SM
SMF27-K27,2026-09-28,1673,885,788,97,SM
SMF27-K27,2026-09-29,1488,880,608,272,SM
SMF27-K27,2026-09-30,1534,960,574,386,SM
SMF27-N27,2026-09-01,244,167,77,90,SM
SMF27-N27,2026-09-02,248,171,77,94,SM
SMF27-N27,2026-09-03,223,165,58,107,SM
SMF27-N27,2026-09-04,217,160,57,103,SM
SMF27-N27,2026-09-08,150,91,59,32,SM
SMF27-N27,2026-09-09,347,149,198,-49,SM
SMF27-N27,2026-09-10,209,102,107,-5,SM
SMF27-N27,2026-09-11,280,179,101,78,SM
SMF27-N27,2026-09-14,235,107,128,-21,SM
SMF27-N27,2026-09-15,436,214,222,-8,SM
SMF27-N27,2026-09-16,384,163,221,-58,SM
SMF27-N27,2026-09-17,623,304,319,-15,SM
SMF27-N27,2026-09-18,576,238,338,-100,SM
SMF27-N27,2026-09-21,343,166,177,-11,SM
SMF27-N27,2026-09-22,339,142,197,-55,SM
SMF27-N27,2026-09-23,743,407,336,71,SM
SMF27-N27,2026-09-24,899,485,414,71,SM
SMF27-N27,2026-09-25,474,252,222,30,SM
SMF27-N27,2026-09-28,749,349,400,-51,SM
SMF27-N27,2026-09-29,400,256,144,112,SM
SMF27-N27,2026-09-30,968,315,653,-338,SM
SMF27-Q27,2026-09-01,10,9,1,8,SM
SMF27-Q27,2026-09-02,7,6,1,5,SM
SMF27-Q27,2026-09-03,9,7,2,5,SM
SMF27-Q27,2026-09-04,8,4,4,0,SM
SMF27-Q27,2026-09-08,6,5,1,4,SM
SMF27-Q27,2026-09-09,5,1,4,-3,SM
SMF27-Q27,2026-09-10,6,3,3,0,SM
SMF27-Q27,2026-09-11,18,1,17,-16,SM
SMF27-Q27,2026-09-14,19,7,12,-5,SM
SMF27-Q27,2026-09-15,12,6,6,0,SM
SMF27-Q27,2026-09-16,25,9,16,-7,SM
SMF27-Q27,2026-09-17,46,28,18,10,SM
SMF27-Q27,2026-09-18,14,6,8,-2,SM
SMF27-Q27,2026-09-21,21,14,7,7,SM
SMF27-Q27,2026-09-22,8,5,3,2,SM
SMF27-Q27,2026-09-23,11,5,6,-1,SM
SMF27-Q27,2026-09-24,50,21,29,-8,SM
SMF27-Q27,2026-09-25,185,107,78,29,SM
SMF27-Q27,2026-09-28,146,76,70,6,SM
SMF27-Q27,2026-09-29,98,50,48,2,SM
SMF27-Q27,2026-09-30,153,70,83,-13,SM
SMF27-U27,2026-09-11,2,1,1,0,SM
SMF27-U27,2026-09-14,4,0,4,-4,SM
SMF27-U27,2026-09-16,1,1,0,1,SM
SMF27-U27,2026-09-17,2,2,0,2,SM
SMF27-U27,2026-09-24,22,18,4,14,SM
SMF27-U27,2026-09-29,91,91,0,91,SM
SMF27-U27,2026-09-30,28,28,0,28,SM
SMF27-V27,2026-09-22,1,1,0,1,SM
SMF27-Z27,2026-09-02,2,2,0,2,SM
SMF27-Z27,2026-09-10,1,0,1,-1,SM
SMF27-Z27,2026-09-16,40,20,20,0,SM
SMF27-Z27,2026-09-17,55,55,0,55,SM
SMF27-Z27,2026-09-21,30,30,0,30,SM
SMF27-Z27,2026-09-22,42,40,2,38,SM
SMF27-Z27,2026-09-23,41,34,7,27,SM
SMF27-Z27,2026-09-24,10,4,6,-2,SM
SMF27-Z27,2026-09-25,1,0,1,-1,SM
SMF27-Z27,2026-09-29,60,8,52,-44,SM
SMH27-K27,2026-09-01,1758,1088,670,418,SM
SMH27-K27,2026-09-02,2014,980,1034,-54,SM
SMH27-K27,2026-09-03,2457,1287,1170,117,SM
SMH27-K27,2026-09-04,1969,1105,864,241,SM
SMH27-K27,2026-09-08,1785,708,1077,-369,SM
SMH27-K27,2026-09-09,2052,828,1224,-396,SM
SMH27-K27,2026-09-10,1876,1227,649,578,SM
SMH27-K27,2026-09-11,2326,1159,1167,-8,SM
SMH27-K27,2026-09-14,2980,1454,1526,-72,SM
SMH27-K27,2026-09-15,2094,1428,666,762,SM
SMH27-K27,2026-09-16,2744,1606,1138,468,SM
SMH27-K27,2026-09-17,3909,2145,1764,381,SM
SMH27-K27,2026-09-18,2836,1690,1146,544,SM
SMH27-K27,2026-09-21,2899,1469,1430,39,SM
SMH27-K27,2026-09-22,3012,1699,1313,386,SM
SMH27-K27,2026-09-23,2748,1796,952,844,SM
SMH27-K27,2026-09-24,4750,2592,2158,434,SM
SMH27-K27,2026-09-25,3699,1852,1847,5,SM
SMH27-K27,2026-09-28,2627,1489,1138,351,SM
SMH27-K27,2026-09-29,3534,2146,1388,758,SM
SMH27-K27,2026-09-30,2591,1350,1241,109,SM
SMH27-N27,2026-09-01,385,215,170,45,SM
SMH27-N27,2026-09-02,468,272,196,76,SM
SMH27-N27,2026-09-03,684,471,213,258,SM
SMH27-N27,2026-09-04,518,325,193,132,SM
SMH27-N27,2026-09-08,820,396,424,-28,SM
SMH27-N27,2026-09-09,298,156,142,14,SM
SMH27-N27,2026-09-10,445,223,222,1,SM
SMH27-N27,2026-09-11,576,359,217,142,SM
SMH27-N27,2026-09-14,626,337,289,48,SM
SMH27-N27,2026-09-15,568,356,212,144,SM
SMH27-N27,2026-09-16,631,164,467,-303,SM
SMH27-N27,2026-09-17,988,692,296,396,SM
SMH27-N27,2026-09-18,776,487,289,198,SM
SMH27-N27,2026-09-21,651,331,320,11,SM
SMH27-N27,2026-09-22,753,364,389,-25,SM
SMH27-N27,2026-09-23,548,234,314,-80,SM
SMH27-N27,2026-09-24,1910,985,925,60,SM
SMH27-N27,2026-09-25,1337,566,771,-205,SM
SMH27-N27,2026-09-28,1331,807,524,283,SM
SMH27-N27,2026-09-29,946,432,514,-82,SM
SMH27-N27,2026-09-30,818,299,519,-220,SM
SMH27-Q27,2026-09-01,27,4,23,-19,SM
SMH27-Q27,2026-09-02,11,4,7,-3,SM
SMH27-Q27,2026-09-03,12,4,8,-4,SM
SMH27-Q27,2026-09-04,14,5,9,-4,SM
SMH27-Q27,2026-09-08,7,3,4,-1,SM
SMH27-Q27,2026-09-09,13,4,9,-5,SM
SMH27-Q27,2026-09-10,17,5,12,-7,SM
SMH27-Q27,2026-09-11,8,6,2,4,SM
SMH27-Q27,2026-09-14,54,23,31,-8,SM
SMH27-Q27,2026-09-15,18,14,4,10,SM
SMH27-Q27,2026-09-16,13,6,7,-1,SM
SMH27-Q27,2026-09-17,25,14,11,3,SM
SMH27-Q27,2026-09-18,6,2,4,-2,SM
SMH27-Q27,2026-09-21,13,6,7,-1,SM
SMH27-Q27,2026-09-22,12,8,4,4,SM
SMH27-Q27,2026-09-23,12,9,3,6,SM
SMH27-Q27,2026-09-24,46,22,24,-2,SM
SMH27-Q27,2026-09-25,72,18,54,-36,SM
SMH27-Q27,2026-09-28,22,7,15,-8,SM
SMH27-Q27,2026-09-29,32,16,16,0,SM
SMH27-Q27,2026-09-30,49,21,28,-7,SM
SMH27-U27,2026-09-01,3,3,0,3,SM
SMH27-U27,2026-09-03,1,0,1,-1,SM
SMH27-U27,2026-09-09,3,3,0,3,SM
SMH27-U27,2026-09-10,3,3,0,3,SM
SMH27-U27,2026-09-11,1,0,1,-1,SM
SMH27-U27,2026-09-14,10,7,3,4,SM
SMH27-U27,2026-09-18,3,0,3,-3,SM
SMH27-U27,2026-09-21,6,4,2,2,SM
SMH27-U27,2026-09-23,9,3,6,-3,SM
SMH27-U27,2026-09-24,6,6,0,6,SM
SMH27-U27,2026-09-25,10,1,9,-8,SM
SMH27-U27,2026-09-28,3,0,3,-3,SM
SMH27-U27,2026-09-29,1,1,0,1,SM
SMH27-U27,2026-09-30,1,1,0,1,SM
SMH27-Z27,2026-09-03,5,1,4,-3,SM
SMH27-Z27,2026-09-08,4,4,0,4,SM
SMH27-Z27,2026-09-11,171,81,90,-9,SM
SMH27-Z27,2026-09-15,72,65,7,58,SM
SMH27-Z27,2026-09-16,4,0,4,-4,SM
SMH27-Z27,2026-09-17,7,4,3,1,SM
SMH27-Z27,2026-09-18,9,7,2,5,SM
SMH27-Z27,2026-09-21,60,11,49,-38,SM
SMH27-Z27,2026-09-22,6,6,0,6,SM
SMH27-Z27,2026-09-23,1,0,1,-1,SM
SMH27-Z27,2026-09-24,4,2,2,0,SM
SMH27-Z27,2026-09-25,3,3,0,3,SM
SMH27-Z27,2026-09-28,1,0,1,-1,SM
SMH27-Z27,2026-09-29,57,3,54,-51,SM
SMH27-Z27,2026-09-30,3,0,3,-3,SM
SMK27-N27,2026-09-01,1370,981,389,592,SM
SMK27-N27,2026-09-02,1484,870,614,256,SM
SMK27-N27,2026-09-03,2238,1352,886,466,SM
SMK27-N27,2026-09-04,2413,1337,1076,261,SM
SMK27-N27,2026-09-08,1686,616,1070,-454,SM
SMK27-N27,2026-09-09,1093,506,587,-81,SM
SMK27-N27,2026-09-10,1770,808,962,-154,SM
SMK27-N27,2026-09-11,1267,680,587,93,SM
SMK27-N27,2026-09-14,2268,981,1287,-306,SM
SMK27-N27,2026-09-15,2440,942,1498,-556,SM
SMK27-N27,2026-09-16,2262,678,1584,-906,SM
SMK27-N27,2026-09-17,3114,1768,1346,422,SM
SMK27-N27,2026-09-18,2060,805,1255,-450,SM
SMK27-N27,2026-09-21,1453,769,684,85,SM
SMK27-N27,2026-09-22,2705,1492,1213,279,SM
SMK27-N27,2026-09-23,2892,1153,1739,-586,SM
SMK27-N27,2026-09-24,5410,2661,2749,-88,SM
SMK27-N27,2026-09-25,2693,995,1698,-703,SM
SMK27-N27,2026-09-28,1923,1010,913,97,SM
SMK27-N27,2026-09-29,1405,631,774,-143,SM
SMK27-N27,2026-09-30,1228,582,646,-64,SM
SMK27-Q27,2026-09-01,73,42,31,11,SM
SMK27-Q27,2026-09-02,20,10,10,0,SM
SMK27-Q27,2026-09-03,86,48,38,10,SM
SMK27-Q27,2026-09-04,31,24,7,17,SM
SMK27-Q27,2026-09-08,62,20,42,-22,SM
SMK27-Q27,2026-09-09,36,32,4,28,SM
SMK27-Q27,2026-09-10,44,13,31,-18,SM
SMK27-Q27,2026-09-11,24,5,19,-14,SM
SMK27-Q27,2026-09-14,1094,323,771,-448,SM
SMK27-Q27,2026-09-15,109,56,53,3,SM
SMK27-Q27,2026-09-16,30,20,10,10,SM
SMK27-Q27,2026-09-17,575,95,480,-385,SM
SMK27-Q27,2026-09-18,41,11,30,-19,SM
SMK27-Q27,2026-09-21,68,55,13,42,SM
SMK27-Q27,2026-09-22,108,91,17,74,SM
SMK27-Q27,2026-09-23,40,5,35,-30,SM
SMK27-Q27,2026-09-24,108,63,45,18,SM
SMK27-Q27,2026-09-25,99,70,29,41,SM
SMK27-Q27,2026-09-28,22,16,6,10,SM
SMK27-Q27,2026-09-29,23,12,11,1,SM
SMK27-Q27,2026-09-30,132,104,28,76,SM
SMK27-U27,2026-09-14,2,2,0,2,SM
SMK27-U27,2026-09-17,37,7,30,-23,SM
SMK27-U27,2026-09-18,1,0,1,-1,SM
SMK27-U27,2026-09-25,1,0,1,-1,SM
SMK27-U27,2026-09-28,11,0,11,-11,SM
SMK27-U27,2026-09-29,11,8,3,5,SM
SMK27-U27,2026-09-30,2,1,1,0,SM
SMK27-Z27,2026-09-10,1,1,0,1,SM
SMK27-Z27,2026-09-17,26,0,26,-26,SM
SMK27-Z27,2026-09-24,7,0,7,-7,SM
SMK27-Z27,2026-09-28,2,0,2,-2,SM
SMK27-Z27,2026-09-29,1,1,0,1,SM
SMN27-Q27,2026-09-01,554,331,223,108,SM
SMN27-Q27,2026-09-02,294,155,139,16,SM
SMN27-Q27,2026-09-03,550,303,247,56,SM
SMN27-Q27,2026-09-04,774,439,335,104,SM
SMN27-Q27,2026-09-08,386,293,93,200,SM
SMN27-Q27,2026-09-09,398,283,115,168,SM
SMN27-Q27,2026-09-10,458,244,214,30,SM
SMN27-Q27,2026-09-11,338,135,203,-68,SM
SMN27-Q27,2026-09-14,1104,793,311,482,SM
SMN27-Q27,2026-09-15,586,413,173,240,SM
SMN27-Q27,2026-09-16,399,159,240,-81,SM
SMN27-Q27,2026-09-17,658,380,278,102,SM
SMN27-Q27,2026-09-18,202,88,114,-26,SM
SMN27-Q27,2026-09-21,574,439,135,304,SM
SMN27-Q27,2026-09-22,294,151,143,8,SM
SMN27-Q27,2026-09-23,607,393,214,179,SM
SMN27-Q27,2026-09-24,977,463,514,-51,SM
SMN27-Q27,2026-09-25,1106,781,325,456,SM
SMN27-Q27,2026-09-28,777,420,357,63,SM
SMN27-Q27,2026-09-29,707,334,373,-39,SM
SMN27-Q27,2026-09-30,546,306,240,66,SM
SMN27-U27,2026-09-01,180,126,54,72,SM
SMN27-U27,2026-09-02,181,122,59,63,SM
SMN27-U27,2026-09-03,168,142,26,116,SM
SMN27-U27,2026-09-04,68,50,18,32,SM
SMN27-U27,2026-09-08,25,9,16,-7,SM
SMN27-U27,2026-09-09,29,28,1,27,SM
SMN27-U27,2026-09-10,45,33,12,21,SM
SMN27-U27,2026-09-11,69,46,23,23,SM
SMN27-U27,2026-09-14,86,69,17,52,SM
SMN27-U27,2026-09-15,34,23,11,12,SM
SMN27-U27,2026-09-16,9,7,2,5,SM
SMN27-U27,2026-09-17,87,42,45,-3,SM
SMN27-U27,2026-09-18,26,11,15,-4,SM
SMN27-U27,2026-09-21,19,17,2,15,SM
SMN27-U27,2026-09-22,25,14,11,3,SM
SMN27-U27,2026-09-23,26,21,5,16,SM
SMN27-U27,2026-09-24,240,40,200,-160,SM
SMN27-U27,2026-09-25,36,12,24,-12,SM
SMN27-U27,2026-09-28,20,10,10,0,SM
SMN27-U27,2026-09-29,15,6,9,-3,SM
SMN27-U27,2026-09-30,30,19,11,8,SM
SMN27-V27,2026-09-24,2,2,0,2,SM
SMN27-Z27,2026-09-01,262,176,86,90,SM
SMN27-Z27,2026-09-02,468,176,292,-116,SM
SMN27-Z27,2026-09-03,294,149,145,4,SM
SMN27-Z27,2026-09-04,235,161,74,87,SM
SMN27-Z27,2026-09-08,157,66,91,-25,SM
SMN27-Z27,2026-09-09,132,65,67,-2,SM
SMN27-Z27,2026-09-10,140,78,62,16,SM
SMN27-Z27,2026-09-11,274,80,194,-114,SM
SMN27-Z27,2026-09-14,213,131,82,49,SM
SMN27-Z27,2026-09-15,328,122,206,-84,SM
SMN27-Z27,2026-09-16,235,139,96,43,SM
SMN27-Z27,2026-09-17,281,128,153,-25,SM
SMN27-Z27,2026-09-18,189,47,142,-95,SM
SMN27-Z27,2026-09-21,293,173,120,53,SM
SMN27-Z27,2026-09-22,147,78,69,9,SM
SMN27-Z27,2026-09-23,329,214,115,99,SM
SMN27-Z27,2026-09-24,375,300,75,225,SM
SMN27-Z27,2026-09-25,351,137,214,-77,SM
SMN27-Z27,2026-09-28,153,82,71,11,SM
SMN27-Z27,2026-09-29,157,41,116,-75,SM
SMN27-Z27,2026-09-30,105,41,64,-23,SM
SMQ27-U27,2026-09-01,659,308,351,-43,SM
SMQ27-U27,2026-09-02,313,167,146,21,SM
SMQ27-U27,2026-09-03,374,168,206,-38,SM
SMQ27-U27,2026-09-04,264,140,124,16,SM
SMQ27-U27,2026-09-08,193,106,87,19,SM
SMQ27-U27,2026-09-09,319,182,137,45,SM
SMQ27-U27,2026-09-10,446,306,140,166,SM
SMQ27-U27,2026-09-11,286,153,133,20,SM
SMQ27-U27,2026-09-14,380,165,215,-50,SM
SMQ27-U27,2026-09-15,47,29,18,11,SM
SMQ27-U27,2026-09-16,243,62,181,-119,SM
SMQ27-U27,2026-09-17,198,118,80,38,SM
SMQ27-U27,2026-09-18,74,44,30,14,SM
SMQ27-U27,2026-09-21,355,235,120,115,SM
SMQ27-U27,2026-09-22,145,92,53,39,SM
SMQ27-U27,2026-09-23,138,25,113,-88,SM
SMQ27-U27,2026-09-24,255,143,112,31,SM
SMQ27-U27,2026-09-25,277,143,134,9,SM
SMQ27-U27,2026-09-28,246,104,142,-38,SM
SMQ27-U27,2026-09-29,440,242,198,44,SM
SMQ27-U27,2026-09-30,150,96,54,42,SM
SMQ27-V27,2026-09-03,4,4,0,4,SM
SMQ27-V27,2026-09-08,6,1,5,-4,SM
SMQ27-V27,2026-09-09,6,4,2,2,SM
SMQ27-V27,2026-09-11,2,2,0,2,SM
SMQ27-V27,2026-09-14,37,31,6,25,SM
SMQ27-V27,2026-09-15,10,10,0,10,SM
SMQ27-V27,2026-09-16,3,3,0,3,SM
SMQ27-V27,2026-09-17,14,2,12,-10,SM
SMQ27-V27,2026-09-18,25,19,6,13,SM
SMQ27-V27,2026-09-21,36,36,0,36,SM
SMQ27-V27,2026-09-22,7,0,7,-7,SM
SMQ27-V27,2026-09-23,1,0,1,-1,SM
SMQ27-V27,2026-09-24,2,1,1,0,SM
SMQ27-V27,2026-09-25,26,0,26,-26,SM
SMQ27-V27,2026-09-28,41,13,28,-15,SM
SMQ27-V27,2026-09-29,15,9,6,3,SM
SMQ27-V27,2026-09-30,5,1,4,-3,SM
SMQ27-Z27,2026-09-01,1,1,0,1,SM
SMQ27-Z27,2026-09-02,8,6,2,4,SM
SMQ27-Z27,2026-09-03,2,2,0,2,SM
SMQ27-Z27,2026-09-09,4,4,0,4,SM
SMQ27-Z27,2026-09-10,1,1,0,1,SM
SMQ27-Z27,2026-09-11,2,2,0,2,SM
SMQ27-Z27,2026-09-15,3,3,0,3,SM
SMQ27-Z27,2026-09-16,1,0,1,-1,SM
SMQ27-Z27,2026-09-17,3,2,1,1,SM
SMQ27-Z27,2026-09-18,3,0,3,-3,SM
SMQ27-Z27,2026-09-21,3,3,0,3,SM
SMQ27-Z27,2026-09-22,3,2,1,1,SM
SMQ27-Z27,2026-09-23,1,1,0,1,SM
SMQ27-Z27,2026-09-24,3,3,0,3,SM
SMU26-V26,2026-09-01,439,270,169,101,SM
SMU26-V26,2026-09-02,702,623,79,544,SM
SMU26-V26,2026-09-03,304,117,187,-70,SM
SMU26-V26,2026-09-04,209,103,106,-3,SM
SMU26-V26,2026-09-08,247,234,13,221,SM
SMU26-V26,2026-09-09,54,20,34,-14,SM
SMU26-V26,2026-09-10,20,18,2,16,SM
SMU26-V26,2026-09-11,75,75,0,75,SM
SMU26-V26,2026-09-14,7,1,6,-5,SM
SMU26-Z26,2026-09-01,214,21,193,-172,SM
SMU26-Z26,2026-09-02,179,3,176,-173,SM
SMU26-Z26,2026-09-03,23,1,22,-21,SM
SMU26-Z26,2026-09-04,9,1,8,-7,SM
SMU26-Z26,2026-09-08,13,4,9,-5,SM
SMU26-Z26,2026-09-11,1,1,0,1,SM
SMU27-V27,2026-09-01,174,80,94,-14,SM
SMU27-V27,2026-09-02,92,39,53,-14,SM
SMU27-V27,2026-09-03,167,75,92,-17,SM
SMU27-V27,2026-09-04,184,73,111,-38,SM
SMU27-V27,2026-09-08,94,38,56,-18,SM
SMU27-V27,2026-09-09,219,163,56,107,SM
SMU27-V27,2026-09-10,226,167,59,108,SM
SMU27-V27,2026-09-11,227,150,77,73,SM
SMU27-V27,2026-09-14,153,61,92,-31,SM
SMU27-V27,2026-09-15,85,41,44,-3,SM
SMU27-V27,2026-09-16,63,27,36,-9,SM
SMU27-V27,2026-09-17,80,51,29,22,SM
SMU27-V27,2026-09-18,115,53,62,-9,SM
SMU27-V27,2026-09-21,166,120,46,74,SM
SMU27-V27,2026-09-22,66,26,40,-14,SM
SMU27-V27,2026-09-23,88,42,46,-4,SM
SMU27-V27,2026-09-24,127,62,65,-3,SM
SMU27-V27,2026-09-25,105,65,40,25,SM
SMU27-V27,2026-09-28,95,54,41,13,SM
SMU27-V27,2026-09-29,363,272,91,181,SM
SMU27-V27,2026-09-30,102,77,25,52,SM
SMU27-Z27,2026-09-01,117,1,116,-115,SM
SMU27-Z27,2026-09-02,86,11,75,-64,SM
SMU27-Z27,2026-09-03,136,0,136,-136,SM
SMU27-Z27,2026-09-04,42,9,33,-24,SM
SMU27-Z27,2026-09-08,1,0,1,-1,SM
SMU27-Z27,2026-09-09,3,1,2,-1,SM
SMU27-Z27,2026-09-10,3,0,3,-3,SM
SMU27-Z27,2026-09-11,50,8,42,-34,SM
SMU27-Z27,2026-09-14,26,13,13,0,SM
SMU27-Z27,2026-09-16,8,4,4,0,SM
SMU27-Z27,2026-09-17,54,3,51,-48,SM
SMU27-Z27,2026-09-18,3,0,3,-3,SM
SMU27-Z27,2026-09-21,4,4,0,4,SM
SMU27-Z27,2026-09-23,15,0,15,-15,SM
SMU27-Z27,2026-09-24,6,6,0,6,SM
SMU27-Z27,2026-09-25,1,1,0,1,SM
SMU27-Z27,2026-09-28,2,0,2,-2,SM
SMU27-Z27,2026-09-30,2,0,2,-2,SM
SMV26-F27,2026-09-01,2006,898,1108,-210,SM
SMV26-F27,2026-09-02,2511,1225,1286,-61,SM
SMV26-F27,2026-09-03,2046,883,1163,-280,SM
SMV26-F27,2026-09-04,2762,1328,1434,-106,SM
SMV26-F27,2026-09-08,2269,1272,997,275,SM
SMV26-F27,2026-09-09,2462,1151,1311,-160,SM
SMV26-F27,2026-09-10,2031,985,1046,-61,SM
SMV26-F27,2026-09-11,3069,1873,1196,677,SM
SMV26-F27,2026-09-14,1524,948,576,372,SM
SMV26-F27,2026-09-15,2615,1428,1187,241,SM
SMV26-F27,2026-09-16,3238,1657,1581,76,SM
SMV26-F27,2026-09-17,4950,1949,3001,-1052,SM
SMV26-F27,2026-09-18,4818,2292,2526,-234,SM
SMV26-F27,2026-09-21,2515,1421,1094,327,SM
SMV26-F27,2026-09-22,2204,1162,1042,120,SM
SMV26-F27,2026-09-23,2859,1766,1093,673,SM
SMV26-F27,2026-09-24,3111,1740,1371,369,SM
SMV26-F27,2026-09-25,2712,1195,1517,-322,SM
SMV26-F27,2026-09-28,1950,1235,715,520,SM
SMV26-F27,2026-09-29,517,343,174,169,SM
SMV26-F27,2026-09-30,11,8,3,5,SM
SMV26-H27,2026-09-01,776,403,373,30,SM
SMV26-H27,2026-09-02,618,332,286,46,SM
SMV26-H27,2026-09-03,698,286,412,-126,SM
SMV26-H27,2026-09-04,799,510,289,221,SM
SMV26-H27,2026-09-08,557,283,274,9,SM
SMV26-H27,2026-09-09,971,538,433,105,SM
SMV26-H27,2026-09-10,937,492,445,47,SM
SMV26-H27,2026-09-11,908,484,424,60,SM
SMV26-H27,2026-09-14,900,380,520,-140,SM
SMV26-H27,2026-09-15,1316,420,896,-476,SM
SMV26-H27,2026-09-16,1313,793,520,273,SM
SMV26-H27,2026-09-17,926,413,513,-100,SM
SMV26-H27,2026-09-18,967,466,501,-35,SM
SMV26-H27,2026-09-21,1172,847,325,522,SM
SMV26-H27,2026-09-22,672,339,333,6,SM
SMV26-H27,2026-09-23,854,432,422,10,SM
SMV26-H27,2026-09-24,1188,700,488,212,SM
SMV26-H27,2026-09-25,699,335,364,-29,SM
SMV26-H27,2026-09-28,1175,675,500,175,SM
SMV26-H27,2026-09-29,154,95,59,36,SM
SMV26-H27,2026-09-30,1,0,1,-1,SM
SMV26-K27,2026-09-01,642,472,170,302,SM
SMV26-K27,2026-09-02,542,206,336,-130,SM
SMV26-K27,2026-09-03,312,201,111,90,SM
SMV26-K27,2026-09-04,362,203,159,44,SM
SMV26-K27,2026-09-08,262,111,151,-40,SM
SMV26-K27,2026-09-09,569,445,124,321,SM
SMV26-K27,2026-09-10,350,227,123,104,SM
SMV26-K27,2026-09-11,275,153,122,31,SM
SMV26-K27,2026-09-14,169,56,113,-57,SM
SMV26-K27,2026-09-15,159,98,61,37,SM
SMV26-K27,2026-09-16,237,108,129,-21,SM
SMV26-K27,2026-09-17,621,265,356,-91,SM
SMV26-K27,2026-09-18,488,262,226,36,SM
SMV26-K27,2026-09-21,515,444,71,373,SM
SMV26-K27,2026-09-22,141,81,60,21,SM
SMV26-K27,2026-09-23,325,108,217,-109,SM
SMV26-K27,2026-09-24,237,154,83,71,SM
SMV26-K27,2026-09-25,1353,871,482,389,SM
SMV26-K27,2026-09-28,435,332,103,229,SM
SMV26-K27,2026-09-29,23,15,8,7,SM
SMV26-N27,2026-09-01,281,159,122,37,SM
SMV26-N27,2026-09-02,197,109,88,21,SM
SMV26-N27,2026-09-03,296,174,122,52,SM
SMV26-N27,2026-09-04,249,128,121,7,SM
SMV26-N27,2026-09-08,222,94,128,-34,SM
SMV26-N27,2026-09-09,145,84,61,23,SM
SMV26-N27,2026-09-10,87,41,46,-5,SM
SMV26-N27,2026-09-11,247,118,129,-11,SM
SMV26-N27,2026-09-14,159,108,51,57,SM
SMV26-N27,2026-09-15,199,119,80,39,SM
SMV26-N27,2026-09-16,100,60,40,20,SM
SMV26-N27,2026-09-17,550,447,103,344,SM
SMV26-N27,2026-09-18,263,113,150,-37,SM
SMV26-N27,2026-09-21,66,43,23,20,SM
SMV26-N27,2026-09-22,312,171,141,30,SM
SMV26-N27,2026-09-23,401,252,149,103,SM
SMV26-N27,2026-09-24,435,295,140,155,SM
SMV26-N27,2026-09-25,94,52,42,10,SM
SMV26-N27,2026-09-28,27,2,25,-23,SM
SMV26-N27,2026-09-29,13,10,3,7,SM
SMV26-Q27,2026-09-01,12,7,5,2,SM
SMV26-Q27,2026-09-02,16,10,6,4,SM
SMV26-Q27,2026-09-03,13,3,10,-7,SM
SMV26-Q27,2026-09-04,7,3,4,-1,SM
SMV26-Q27,2026-09-08,25,3,22,-19,SM
SMV26-Q27,2026-09-09,15,12,3,9,SM
SMV26-Q27,2026-09-10,14,12,2,10,SM
SMV26-Q27,2026-09-11,7,1,6,-5,SM
SMV26-Q27,2026-09-14,21,9,12,-3,SM
SMV26-Q27,2026-09-15,6,3,3,0,SM
SMV26-Q27,2026-09-16,7,4,3,1,SM
SMV26-Q27,2026-09-17,14,2,12,-10,SM
SMV26-Q27,2026-09-18,16,2,14,-12,SM
SMV26-Q27,2026-09-21,1,1,0,1,SM
SMV26-Q27,2026-09-22,9,8,1,7,SM
SMV26-Q27,2026-09-23,27,27,0,27,SM
SMV26-Q27,2026-09-24,1,0,1,-1,SM
SMV26-Q27,2026-09-25,32,27,5,22,SM
SMV26-Q27,2026-09-28,1,0,1,-1,SM
SMV26-Q27,2026-09-29,9,7,2,5,SM
SMV26-U27,2026-09-01,3,3,0,3,SM
SMV26-U27,2026-09-02,1,1,0,1,SM
SMV26-U27,2026-09-03,2,2,0,2,SM
SMV26-U27,2026-09-09,59,30,29,1,SM
SMV26-U27,2026-09-10,10,10,0,10,SM
SMV26-U27,2026-09-11,4,1,3,-2,SM
SMV26-U27,2026-09-14,39,0,39,-39,SM
SMV26-U27,2026-09-15,1,1,0,1,SM
SMV26-U27,2026-09-17,22,8,14,-6,SM
SMV26-U27,2026-09-18,14,0,14,-14,SM
SMV26-U27,2026-09-21,1,1,0,1,SM
SMV26-U27,2026-09-22,3,1,2,-1,SM
SMV26-U27,2026-09-23,74,62,12,50,SM
SMV26-U27,2026-09-24,1,0,1,-1,SM
SMV26-U27,2026-09-25,12,11,1,10,SM
SMV26-V27,2026-09-01,13,11,2,9,SM
SMV26-V27,2026-09-02,1,0,1,-1,SM
SMV26-V27,2026-09-03,16,11,5,6,SM
SMV26-V27,2026-09-04,1,1,0,1,SM
SMV26-Z26,2026-09-01,8005,3322,4683,-1361,SM
SMV26-Z26,2026-09-02,6997,4052,2945,1107,SM
SMV26-Z26,2026-09-03,8746,4286,4460,-174,SM
SMV26-Z26,2026-09-04,10747,4632,6115,-1483,SM
SMV26-Z26,2026-09-08,10392,6210,4182,2028,SM
SMV26-Z26,2026-09-09,15075,10357,4718,5639,SM
SMV26-Z26,2026-09-10,13488,9559,3929,5630,SM
SMV26-Z26,2026-09-11,14499,9522,4977,4545,SM
SMV26-Z26,2026-09-14,9071,5664,3407,2257,SM
SMV26-Z26,2026-09-15,23027,14074,8953,5121,SM
SMV26-Z26,2026-09-16,29973,17459,12514,4945,SM
SMV26-Z26,2026-09-17,36437,22655,13782,8873,SM
SMV26-Z26,2026-09-18,20588,9673,10915,-1242,SM
SMV26-Z26,2026-09-21,20928,14200,6728,7472,SM
SMV26-Z26,2026-09-22,15394,9314,6080,3234,SM
SMV26-Z26,2026-09-23,25240,17825,7415,10410,SM
SMV26-Z26,2026-09-24,21029,13010,8019,4991,SM
SMV26-Z26,2026-09-25,19830,9228,10602,-1374,SM
SMV26-Z26,2026-09-28,25617,13523,12094,1429,SM
SMV26-Z26,2026-09-29,13260,7247,6013,1234,SM
SMV26-Z26,2026-09-30,2031,1091,940,151,SM
SMV26-Z27,2026-09-08,1,1,0,1,SM
SMV26-Z27,2026-09-23,25,22,3,19,SM
SMV26-Z27,2026-09-24,2,2,0,2,SM
SMV27-Z27,2026-09-01,251,61,190,-129,SM
SMV27-Z27,2026-09-02,110,22,88,-66,SM
SMV27-Z27,2026-09-03,191,42,149,-107,SM
SMV27-Z27,2026-09-04,157,53,104,-51,SM
SMV27-Z27,2026-09-08,59,10,49,-39,SM
SMV27-Z27,2026-09-09,161,96,65,31,SM
SMV27-Z27,2026-09-10,280,92,188,-96,SM
SMV27-Z27,2026-09-11,107,55,52,3,SM
SMV27-Z27,2026-09-14,144,82,62,20,SM
SMV27-Z27,2026-09-15,73,13,60,-47,SM
SMV27-Z27,2026-09-16,114,56,58,-2,SM
SMV27-Z27,2026-09-17,196,61,135,-74,SM
SMV27-Z27,2026-09-18,69,23,46,-23,SM
SMV27-Z27,2026-09-21,32,24,8,16,SM
SMV27-Z27,2026-09-22,74,61,13,48,SM
SMV27-Z27,2026-09-23,10,2,8,-6,SM
SMV27-Z27,2026-09-24,88,16,72,-56,SM
SMV27-Z27,2026-09-25,16,3,13,-10,SM
SMV27-Z27,2026-09-28,57,36,21,15,SM
SMV27-Z27,2026-09-29,228,175,53,122,SM
SMV27-Z27,2026-09-30,198,102,96,6,SM
SMZ26-F27,2026-09-01,13164,7073,6091,982,SM
SMZ26-F27,2026-09-02,13454,6621,6833,-212,SM
SMZ26-F27,2026-09-03,12314,6051,6263,-212,SM
SMZ26-F27,2026-09-04,11586,4813,6773,-1960,SM
SMZ26-F27,2026-09-08,14391,7643,6748,895,SM
SMZ26-F27,2026-09-09,13664,8370,5294,3076,SM
SMZ26-F27,2026-09-10,11845,5772,6073,-301,SM
SMZ26-F27,2026-09-11,9930,4919,5011,-92,SM
SMZ26-F27,2026-09-14,12682,6112,6570,-458,SM
SMZ26-F27,2026-09-15,19323,9322,10001,-679,SM
SMZ26-F27,2026-09-16,16228,9612,6616,2996,SM
SMZ26-F27,2026-09-17,23462,8480,14982,-6502,SM
SMZ26-F27,2026-09-18,27818,12069,15749,-3680,SM
SMZ26-F27,2026-09-21,15486,10189,5297,4892,SM
SMZ26-F27,2026-09-22,12626,6284,6342,-58,SM
SMZ26-F27,2026-09-23,15157,8195,6962,1233,SM
SMZ26-F27,2026-09-24,25306,14839,10467,4372,SM
SMZ26-F27,2026-09-25,20706,8155,12551,-4396,SM
SMZ26-F27,2026-09-28,20589,9617,10972,-1355,SM
SMZ26-F27,2026-09-29,21753,11224,10529,695,SM
SMZ26-F27,2026-09-30,21205,9479,11726,-2247,SM
SMZ26-H27,2026-09-01,4336,2653,1683,970,SM
SMZ26-H27,2026-09-02,3534,2120,1414,706,SM
SMZ26-H27,2026-09-03,3684,2031,1653,378,SM
SMZ26-H27,2026-09-04,3734,1886,1848,38,SM
SMZ26-H27,2026-09-08,3824,1789,2035,-246,SM
SMZ26-H27,2026-09-09,2587,1626,961,665,SM
SMZ26-H27,2026-09-10,3821,2161,1660,501,SM
SMZ26-H27,2026-09-11,3266,1585,1681,-96,SM
SMZ26-H27,2026-09-14,4265,2555,1710,845,SM
SMZ26-H27,2026-09-15,3866,2106,1760,346,SM
SMZ26-H27,2026-09-16,3542,1869,1673,196,SM
SMZ26-H27,2026-09-17,7830,5028,2802,2226,SM
SMZ26-H27,2026-09-18,5090,2509,2581,-72,SM
SMZ26-H27,2026-09-21,4777,2728,2049,679,SM
SMZ26-H27,2026-09-22,4662,2427,2235,192,SM
SMZ26-H27,2026-09-23,3537,1877,1660,217,SM
SMZ26-H27,2026-09-24,7850,3892,3958,-66,SM
SMZ26-H27,2026-09-25,7063,3392,3671,-279,SM
SMZ26-H27,2026-09-28,8219,3850,4369,-519,SM
SMZ26-H27,2026-09-29,7279,4379,2900,1479,SM
SMZ26-H27,2026-09-30,7187,3186,4001,-815,SM
SMZ26-K27,2026-09-01,2346,1483,863,620,SM
SMZ26-K27,2026-09-02,1482,945,537,408,SM
SMZ26-K27,2026-09-03,2405,1202,1203,-1,SM
SMZ26-K27,2026-09-04,1245,538,707,-169,SM
SMZ26-K27,2026-09-08,1564,682,882,-200,SM
SMZ26-K27,2026-09-09,1254,600,654,-54,SM
SMZ26-K27,2026-09-10,2659,1872,787,1085,SM
SMZ26-K27,2026-09-11,1155,697,458,239,SM
SMZ26-K27,2026-09-14,1862,837,1025,-188,SM
SMZ26-K27,2026-09-15,2108,1551,557,994,SM
SMZ26-K27,2026-09-16,1563,821,742,79,SM
SMZ26-K27,2026-09-17,3142,1518,1624,-106,SM
SMZ26-K27,2026-09-18,2306,911,1395,-484,SM
SMZ26-K27,2026-09-21,1483,915,568,347,SM
SMZ26-K27,2026-09-22,1479,680,799,-119,SM
SMZ26-K27,2026-09-23,2014,1015,999,16,SM
SMZ26-K27,2026-09-24,2307,1314,993,321,SM
SMZ26-K27,2026-09-25,2098,1058,1040,18,SM
SMZ26-K27,2026-09-28,3251,1468,1783,-315,SM
SMZ26-K27,2026-09-29,1779,919,860,59,SM
SMZ26-K27,2026-09-30,2816,1444,1372,72,SM
SMZ26-N27,2026-09-01,2681,1498,1183,315,SM
SMZ26-N27,2026-09-02,2191,955,1236,-281,SM
SMZ26-N27,2026-09-03,3178,1759,1419,340,SM
SMZ26-N27,2026-09-04,1735,578,1157,-579,SM
SMZ26-N27,2026-09-08,1501,327,1174,-847,SM
SMZ26-N27,2026-09-09,1513,757,756,1,SM
SMZ26-N27,2026-09-10,2834,2121,713,1408,SM
SMZ26-N27,2026-09-11,1297,776,521,255,SM
SMZ26-N27,2026-09-14,2503,1774,729,1045,SM
SMZ26-N27,2026-09-15,1717,888,829,59,SM
SMZ26-N27,2026-09-16,3186,2070,1116,954,SM
SMZ26-N27,2026-09-17,4499,2864,1635,1229,SM
SMZ26-N27,2026-09-18,2710,1265,1445,-180,SM
SMZ26-N27,2026-09-21,3066,2030,1036,994,SM
SMZ26-N27,2026-09-22,4077,2020,2057,-37,SM
SMZ26-N27,2026-09-23,2481,1452,1029,423,SM
SMZ26-N27,2026-09-24,3615,2392,1223,1169,SM
SMZ26-N27,2026-09-25,2721,1369,1352,17,SM
SMZ26-N27,2026-09-28,3060,1501,1559,-58,SM
SMZ26-N27,2026-09-29,1626,952,674,278,SM
SMZ26-N27,2026-09-30,2302,1065,1237,-172,SM
SMZ26-Q27,2026-09-01,54,34,20,14,SM
SMZ26-Q27,2026-09-02,46,34,12,22,SM
SMZ26-Q27,2026-09-03,98,48,50,-2,SM
SMZ26-Q27,2026-09-04,29,21,8,13,SM
SMZ26-Q27,2026-09-08,49,26,23,3,SM
SMZ26-Q27,2026-09-09,36,24,12,12,SM
SMZ26-Q27,2026-09-10,10,8,2,6,SM
SMZ26-Q27,2026-09-11,46,15,31,-16,SM
SMZ26-Q27,2026-09-14,59,29,30,-1,SM
SMZ26-Q27,2026-09-15,14,9,5,4,SM
SMZ26-Q27,2026-09-16,26,17,9,8,SM
SMZ26-Q27,2026-09-17,112,71,41,30,SM
SMZ26-Q27,2026-09-18,46,19,27,-8,SM
SMZ26-Q27,2026-09-21,18,11,7,4,SM
SMZ26-Q27,2026-09-22,28,17,11,6,SM
SMZ26-Q27,2026-09-23,39,22,17,5,SM
SMZ26-Q27,2026-09-24,89,65,24,41,SM
SMZ26-Q27,2026-09-25,224,89,135,-46,SM
SMZ26-Q27,2026-09-28,214,116,98,18,SM
SMZ26-Q27,2026-09-29,162,78,84,-6,SM
SMZ26-Q27,2026-09-30,198,100,98,2,SM
SMZ26-U27,2026-09-01,43,28,15,13,SM
SMZ26-U27,2026-09-02,22,18,4,14,SM
SMZ26-U27,2026-09-03,82,26,56,-30,SM
SMZ26-U27,2026-09-04,28,10,18,-8,SM
SMZ26-U27,2026-09-08,48,27,21,6,SM
SMZ26-U27,2026-09-09,17,11,6,5,SM
SMZ26-U27,2026-09-10,16,13,3,10,SM
SMZ26-U27,2026-09-11,23,11,12,-1,SM
SMZ26-U27,2026-09-14,37,17,20,-3,SM
SMZ26-U27,2026-09-15,2,2,0,2,SM
SMZ26-U27,2026-09-16,4,3,1,2,SM
SMZ26-U27,2026-09-17,43,26,17,9,SM
SMZ26-U27,2026-09-18,33,4,29,-25,SM
SMZ26-U27,2026-09-21,6,1,5,-4,SM
SMZ26-U27,2026-09-22,19,10,9,1,SM
SMZ26-U27,2026-09-23,18,7,11,-4,SM
SMZ26-U27,2026-09-24,54,35,19,16,SM
SMZ26-U27,2026-09-25,98,28,70,-42,SM
SMZ26-U27,2026-09-28,128,46,82,-36,SM
SMZ26-U27,2026-09-29,28,7,21,-14,SM
SMZ26-U27,2026-09-30,30,2,28,-26,SM
SMZ26-V27,2026-09-28,28,20,8,12,SM
SMZ26-V27,2026-09-30,1,1,0,1,SM
SMZ26-Z27,2026-09-01,14,9,5,4,SM
SMZ26-Z27,2026-09-02,17,12,5,7,SM
SMZ26-Z27,2026-09-03,102,60,42,18,SM
SMZ26-Z27,2026-09-04,47,19,28,-9,SM
SMZ26-Z27,2026-09-08,48,26,22,4,SM
SMZ26-Z27,2026-09-09,19,12,7,5,SM
SMZ26-Z27,2026-09-10,42,30,12,18,SM
SMZ26-Z27,2026-09-11,7,3,4,-1,SM
SMZ26-Z27,2026-09-14,84,60,24,36,SM
SMZ26-Z27,2026-09-16,5,3,2,1,SM
SMZ26-Z27,2026-09-17,48,40,8,32,SM
SMZ26-Z27,2026-09-18,17,6,11,-5,SM
SMZ26-Z27,2026-09-21,38,34,4,30,SM
SMZ26-Z27,2026-09-22,10,5,5,0,SM
SMZ26-Z27,2026-09-23,69,45,24,21,SM
SMZ26-Z27,2026-09-24,42,28,14,14,SM
SMZ26-Z27,2026-09-25,9,5,4,1,SM
SMZ26-Z27,2026-09-28,16,3,13,-10,SM
SMZ26-Z27,2026-09-29,14,3,11,-8,SM
SMZ26-Z27,2026-09-30,12,2,10,-8,SM
WH27-K27,2026-09-01,4753,2073,2680,-607,W
WH27-K27,2026-09-02,8828,4247,4581,-334,W
WH27-K27,2026-09-03,11170,6421,4749,1672,W
WH27-K27,2026-09-04,7034,3617,3417,200,W
WH27-K27,2026-09-08,6673,3086,3587,-501,W
WH27-K27,2026-09-09,4988,2223,2765,-542,W
WH27-K27,2026-09-10,3873,2152,1721,431,W
WH27-K27,2026-09-11,5738,2260,3478,-1218,W
WH27-K27,2026-09-14,7277,3470,3807,-337,W
WH27-K27,2026-09-15,4050,1873,2177,-304,W
WH27-K27,2026-09-16,3616,2318,1298,1020,W
WH27-K27,2026-09-17,3899,2233,1666,567,W
WH27-K27,2026-09-18,3584,1909,1675,234,W
WH27-K27,2026-09-21,3015,1104,1911,-807,W
WH27-K27,2026-09-22,2753,1311,1442,-131,W
WH27-K27,2026-09-23,3339,1743,1596,147,W
WH27-K27,2026-09-24,4456,2677,1779,898,W
WH27-K27,2026-09-25,4086,2068,2018,50,W
WH27-K27,2026-09-28,2496,1265,1231,34,W
WH27-K27,2026-09-29,3070,1598,1472,126,W
WH27-K27,2026-09-30,6250,3026,3224,-198,W
WH27-N27,2026-09-01,1488,984,504,480,W
WH27-N27,2026-09-02,1048,636,412,224,W
WH27-N27,2026-09-03,2922,2090,832,1258,W
WH27-N27,2026-09-04,1876,1363,513,850,W
WH27-N27,2026-09-08,2212,1164,1048,116,W
WH27-N27,2026-09-09,1595,619,976,-357,W
WH27-N27,2026-09-10,412,202,210,-8,W
WH27-N27,2026-09-11,656,343,313,30,W
WH27-N27,2026-09-14,1306,751,555,196,W
WH27-N27,2026-09-15,1617,917,700,217,W
WH27-N27,2026-09-16,676,385,291,94,W
WH27-N27,2026-09-17,523,237,286,-49,W
WH27-N27,2026-09-18,640,276,364,-88,W
WH27-N27,2026-09-21,1071,619,452,167,W
WH27-N27,2026-09-22,801,364,437,-73,W
WH27-N27,2026-09-23,829,333,496,-163,W
WH27-N27,2026-09-24,502,291,211,80,W
WH27-N27,2026-09-25,918,391,527,-136,W
WH27-N27,2026-09-28,455,233,222,11,W
WH27-N27,2026-09-29,1096,655,441,214,W
WH27-N27,2026-09-30,1147,530,617,-87,W
WH27-U27,2026-09-01,294,156,138,18,W
WH27-U27,2026-09-02,223,134,89,45,W
WH27-U27,2026-09-03,484,312,172,140,W
WH27-U27,2026-09-04,273,155,118,37,W
WH27-U27,2026-09-08,276,137,139,-2,W
WH27-U27,2026-09-09,283,138,145,-7,W
WH27-U27,2026-09-10,153,56,97,-41,W
WH27-U27,2026-09-11,169,100,69,31,W
WH27-U27,2026-09-14,222,135,87,48,W
WH27-U27,2026-09-15,176,104,72,32,W
WH27-U27,2026-09-16,129,76,53,23,W
WH27-U27,2026-09-17,166,96,70,26,W
WH27-U27,2026-09-18,96,56,40,16,W
WH27-U27,2026-09-21,100,53,47,6,W
WH27-U27,2026-09-22,170,78,92,-14,W
WH27-U27,2026-09-23,325,129,196,-67,W
WH27-U27,2026-09-24,103,60,43,17,W
WH27-U27,2026-09-25,229,134,95,39,W
WH27-U27,2026-09-28,150,66,84,-18,W
WH27-U27,2026-09-29,171,111,60,51,W
WH27-U27,2026-09-30,303,172,131,41,W
WH27-Z27,2026-09-01,84,67,17,50,W
WH27-Z27,2026-09-02,80,56,24,32,W
WH27-Z27,2026-09-03,77,37,40,-3,W
WH27-Z27,2026-09-04,70,44,26,18,W
WH27-Z27,2026-09-08,25,15,10,5,W
WH27-Z27,2026-09-09,36,26,10,16,W
WH27-Z27,2026-09-10,18,14,4,10,W
WH27-Z27,2026-09-11,87,68,19,49,W
WH27-Z27,2026-09-14,74,52,22,30,W
WH27-Z27,2026-09-15,49,48,1,47,W
WH27-Z27,2026-09-16,30,26,4,22,W
WH27-Z27,2026-09-17,34,29,5,24,W
WH27-Z27,2026-09-18,43,24,19,5,W
WH27-Z27,2026-09-21,7,3,4,-1,W
WH27-Z27,2026-09-22,41,13,28,-15,W
WH27-Z27,2026-09-23,40,19,21,-2,W
WH27-Z27,2026-09-24,30,22,8,14,W
WH27-Z27,2026-09-25,80,34,46,-12,W
WH27-Z27,2026-09-28,33,19,14,5,W
WH27-Z27,2026-09-29,21,7,14,-7,W
WH27-Z27,2026-09-30,131,1,130,-129,W
WK27-N27,2026-09-01,2186,1432,754,678,W
WK27-N27,2026-09-02,2184,1214,970,244,W
WK27-N27,2026-09-03,4830,2040,2790,-750,W
WK27-N27,2026-09-04,2669,1020,1649,-629,W
WK27-N27,2026-09-08,3951,2166,1785,381,W
WK27-N27,2026-09-09,3062,1356,1706,-350,W
WK27-N27,2026-09-10,1884,1010,874,136,W
WK27-N27,2026-09-11,2628,1190,1438,-248,W
WK27-N27,2026-09-14,2672,1466,1206,260,W
WK27-N27,2026-09-15,2673,1102,1571,-469,W
WK27-N27,2026-09-16,2326,1365,961,404,W
WK27-N27,2026-09-17,1507,851,656,195,W
WK27-N27,2026-09-18,1331,481,850,-369,W
WK27-N27,2026-09-21,2301,1387,914,473,W
WK27-N27,2026-09-22,1620,678,942,-264,W
WK27-N27,2026-09-23,2826,1311,1515,-204,W
WK27-N27,2026-09-24,2415,1096,1319,-223,W
WK27-N27,2026-09-25,2716,1484,1232,252,W
WK27-N27,2026-09-28,1460,813,647,166,W
WK27-N27,2026-09-29,2768,1525,1243,282,W
WK27-N27,2026-09-30,3738,1611,2127,-516,W
WK27-U27,2026-09-01,228,130,98,32,W
WK27-U27,2026-09-02,152,90,62,28,W
WK27-U27,2026-09-03,334,210,124,86,W
WK27-U27,2026-09-04,180,74,106,-32,W
WK27-U27,2026-09-08,342,203,139,64,W
WK27-U27,2026-09-09,138,69,69,0,W
WK27-U27,2026-09-10,161,87,74,13,W
WK27-U27,2026-09-11,219,86,133,-47,W
WK27-U27,2026-09-14,164,90,74,16,W
WK27-U27,2026-09-15,114,48,66,-18,W
WK27-U27,2026-09-16,101,67,34,33,W
WK27-U27,2026-09-17,335,104,231,-127,W
WK27-U27,2026-09-18,97,56,41,15,W
WK27-U27,2026-09-21,354,151,203,-52,W
WK27-U27,2026-09-22,294,30,264,-234,W
WK27-U27,2026-09-23,179,125,54,71,W
WK27-U27,2026-09-24,87,59,28,31,W
WK27-U27,2026-09-25,209,156,53,103,W
WK27-U27,2026-09-28,251,102,149,-47,W
WK27-U27,2026-09-29,412,306,106,200,W
WK27-U27,2026-09-30,263,75,188,-113,W
WK27-Z27,2026-09-01,42,35,7,28,W
WK27-Z27,2026-09-02,34,18,16,2,W
WK27-Z27,2026-09-03,41,28,13,15,W
WK27-Z27,2026-09-04,48,27,21,6,W
WK27-Z27,2026-09-08,105,6,99,-93,W
WK27-Z27,2026-09-09,12,12,0,12,W
WK27-Z27,2026-09-10,16,14,2,12,W
WK27-Z27,2026-09-11,71,42,29,13,W
WK27-Z27,2026-09-14,64,21,43,-22,W
WK27-Z27,2026-09-15,103,31,72,-41,W
WK27-Z27,2026-09-16,174,39,135,-96,W
WK27-Z27,2026-09-17,23,19,4,15,W
WK27-Z27,2026-09-18,28,15,13,2,W
WK27-Z27,2026-09-21,8,4,4,0,W
WK27-Z27,2026-09-22,38,14,24,-10,W
WK27-Z27,2026-09-23,153,59,94,-35,W
WK27-Z27,2026-09-24,8,7,1,6,W
WK27-Z27,2026-09-25,26,14,12,2,W
WK27-Z27,2026-09-28,20,12,8,4,W
WK27-Z27,2026-09-29,20,8,12,-4,W
WK27-Z27,2026-09-30,18,5,13,-8,W
WN27-U27,2026-09-01,1468,989,479,510,W
WN27-U27,2026-09-02,1493,726,767,-41,W
WN27-U27,2026-09-03,2033,1043,990,53,W
WN27-U27,2026-09-04,898,402,496,-94,W
WN27-U27,2026-09-08,1270,578,692,-114,W
WN27-U27,2026-09-09,1093,538,555,-17,W
WN27-U27,2026-09-10,900,554,346,208,W
WN27-U27,2026-09-11,1255,686,569,117,W
WN27-U27,2026-09-14,1145,518,627,-109,W
WN27-U27,2026-09-15,953,391,562,-171,W
WN27-U27,2026-09-16,1217,538,679,-141,W
WN27-U27,2026-09-17,1115,464,651,-187,W
WN27-U27,2026-09-18,1446,676,770,-94,W
WN27-U27,2026-09-21,793,385,408,-23,W
WN27-U27,2026-09-22,528,165,363,-198,W
WN27-U27,2026-09-23,919,458,461,-3,W
WN27-U27,2026-09-24,791,448,343,105,W
WN27-U27,2026-09-25,1477,728,749,-21,W
WN27-U27,2026-09-28,811,372,439,-67,W
WN27-U27,2026-09-29,787,518,269,249,W
WN27-U27,2026-09-30,1101,610,491,119,W
WN27-Z27,2026-09-01,373,308,65,243,W
WN27-Z27,2026-09-02,322,205,117,88,W
WN27-Z27,2026-09-03,323,129,194,-65,W
WN27-Z27,2026-09-04,84,51,33,18,W
WN27-Z27,2026-09-08,136,84,52,32,W
WN27-Z27,2026-09-09,122,95,27,68,W
WN27-Z27,2026-09-10,55,48,7,41,W
WN27-Z27,2026-09-11,242,76,166,-90,W
WN27-Z27,2026-09-14,180,117,63,54,W
WN27-Z27,2026-09-15,136,91,45,46,W
WN27-Z27,2026-09-16,482,266,216,50,W
WN27-Z27,2026-09-17,295,186,109,77,W
WN27-Z27,2026-09-18,141,54,87,-33,W
WN27-Z27,2026-09-21,218,161,57,104,W
WN27-Z27,2026-09-22,376,218,158,60,W
WN27-Z27,2026-09-23,327,132,195,-63,W
WN27-Z27,2026-09-24,92,50,42,8,W
WN27-Z27,2026-09-25,227,171,56,115,W
WN27-Z27,2026-09-28,77,57,20,37,W
WN27-Z27,2026-09-29,241,204,37,167,W
WN27-Z27,2026-09-30,227,59,168,-109,W
WU26-H27,2026-09-01,3,2,1,1,W
WU26-H27,2026-09-04,1,0,1,-1,W
WU26-Z26,2026-09-01,146,66,80,-14,W
WU26-Z26,2026-09-02,129,45,84,-39,W
WU26-Z26,2026-09-03,28,8,20,-12,W
WU26-Z26,2026-09-04,30,25,5,20,W
WU26-Z26,2026-09-08,6,6,0,6,W
WU26-Z26,2026-09-09,132,130,2,128,W
WU26-Z26,2026-09-10,6,5,1,4,W
WU26-Z26,2026-09-11,14,14,0,14,W
WU27-Z27,2026-09-01,910,606,304,302,W
WU27-Z27,2026-09-02,897,472,425,47,W
WU27-Z27,2026-09-03,1438,543,895,-352,W
WU27-Z27,2026-09-04,593,330,263,67,W
WU27-Z27,2026-09-08,580,397,183,214,W
WU27-Z27,2026-09-09,395,256,139,117,W
WU27-Z27,2026-09-10,415,275,140,135,W
WU27-Z27,2026-09-11,562,297,265,32,W
WU27-Z27,2026-09-14,569,305,264,41,W
WU27-Z27,2026-09-15,390,212,178,34,W
WU27-Z27,2026-09-16,604,243,361,-118,W
WU27-Z27,2026-09-17,306,172,134,38,W
WU27-Z27,2026-09-18,371,140,231,-91,W
WU27-Z27,2026-09-21,484,268,216,52,W
WU27-Z27,2026-09-22,325,141,184,-43,W
WU27-Z27,2026-09-23,236,130,106,24,W
WU27-Z27,2026-09-24,401,120,281,-161,W
WU27-Z27,2026-09-25,417,193,224,-31,W
WU27-Z27,2026-09-28,311,129,182,-53,W
WU27-Z27,2026-09-29,299,130,169,-39,W
WU27-Z27,2026-09-30,389,164,225,-61,W
WZ26-H27,2026-09-01,22056,10827,11229,-402,W
WZ26-H27,2026-09-02,26627,10764,15863,-5099,W
WZ26-H27,2026-09-03,42610,25973,16637,9336,W
WZ26-H27,2026-09-04,29382,13075,16307,-3232,W
WZ26-H27,2026-09-08,20923,9647,11276,-1629,W
WZ26-H27,2026-09-09,15946,7854,8092,-238,W
WZ26-H27,2026-09-10,14106,9253,4853,4400,W
WZ26-H27,2026-09-11,19938,8632,11306,-2674,W
WZ26-H27,2026-09-14,21398,9087,12311,-3224,W
WZ26-H27,2026-09-15,17826,11797,6029,5768,W
WZ26-H27,2026-09-16,13392,7491,5901,1590,W
WZ26-H27,2026-09-17,8368,4510,3858,652,W
WZ26-H27,2026-09-18,5591,3311,2280,1031,W
WZ26-H27,2026-09-21,9211,3633,5578,-1945,W
WZ26-H27,2026-09-22,5981,2911,3070,-159,W
WZ26-H27,2026-09-23,16500,8154,8346,-192,W
WZ26-H27,2026-09-24,15054,9757,5297,4460,W
WZ26-H27,2026-09-25,13447,5587,7860,-2273,W
WZ26-H27,2026-09-28,10294,5939,4355,1584,W
WZ26-H27,2026-09-29,9837,5502,4335,1167,W
WZ26-H27,2026-09-30,32210,14394,17816,-3422,W
WZ26-K27,2026-09-01,4806,2444,2362,82,W
WZ26-K27,2026-09-02,4985,2250,2735,-485,W
WZ26-K27,2026-09-03,7235,3599,3636,-37,W
WZ26-K27,2026-09-04,4551,2321,2230,91,W
WZ26-K27,2026-09-08,5107,2493,2614,-121,W
WZ26-K27,2026-09-09,4295,1944,2351,-407,W
WZ26-K27,2026-09-10,2966,1497,1469,28,W
WZ26-K27,2026-09-11,5541,1923,3618,-1695,W
WZ26-K27,2026-09-14,4871,2165,2706,-541,W
WZ26-K27,2026-09-15,3657,1921,1736,185,W
WZ26-K27,2026-09-16,2100,926,1174,-248,W
WZ26-K27,2026-09-17,2208,1057,1151,-94,W
WZ26-K27,2026-09-18,1995,1126,869,257,W
WZ26-K27,2026-09-21,3001,1408,1593,-185,W
WZ26-K27,2026-09-22,1801,962,839,123,W
WZ26-K27,2026-09-23,2599,1233,1366,-133,W
WZ26-K27,2026-09-24,2611,1505,1106,399,W
WZ26-K27,2026-09-25,4124,2033,2091,-58,W
WZ26-K27,2026-09-28,2344,1254,1090,164,W
WZ26-K27,2026-09-29,2345,1260,1085,175,W
WZ26-K27,2026-09-30,4463,1848,2615,-767,W
WZ26-N27,2026-09-01,1824,1040,784,256,W
WZ26-N27,2026-09-02,2452,1441,1011,430,W
WZ26-N27,2026-09-03,3912,2002,1910,92,W
WZ26-N27,2026-09-04,2368,961,1407,-446,W
WZ26-N27,2026-09-08,2282,1257,1025,232,W
WZ26-N27,2026-09-09,2048,849,1199,-350,W
WZ26-N27,2026-09-10,1064,659,405,254,W
WZ26-N27,2026-09-11,1862,686,1176,-490,W
WZ26-N27,2026-09-14,1960,1133,827,306,W
WZ26-N27,2026-09-15,1765,1013,752,261,W
WZ26-N27,2026-09-16,724,406,318,88,W
WZ26-N27,2026-09-17,893,420,473,-53,W
WZ26-N27,2026-09-18,955,292,663,-371,W
WZ26-N27,2026-09-21,1391,969,422,547,W
WZ26-N27,2026-09-22,1046,383,663,-280,W
WZ26-N27,2026-09-23,1408,437,971,-534,W
WZ26-N27,2026-09-24,1276,682,594,88,W
WZ26-N27,2026-09-25,1282,597,685,-88,W
WZ26-N27,2026-09-28,1114,574,540,34,W
WZ26-N27,2026-09-29,1419,933,486,447,W
WZ26-N27,2026-09-30,3684,1357,2327,-970,W
WZ26-U27,2026-09-01,576,382,194,188,W
WZ26-U27,2026-09-02,527,351,176,175,W
WZ26-U27,2026-09-03,898,429,469,-40,W
WZ26-U27,2026-09-04,684,337,347,-10,W
WZ26-U27,2026-09-08,539,317,222,95,W
WZ26-U27,2026-09-09,640,266,374,-108,W
WZ26-U27,2026-09-10,436,191,245,-54,W
WZ26-U27,2026-09-11,547,258,289,-31,W
WZ26-U27,2026-09-14,617,217,400,-183,W
WZ26-U27,2026-09-15,321,188,133,55,W
WZ26-U27,2026-09-16,200,106,94,12,W
WZ26-U27,2026-09-17,557,194,363,-169,W
WZ26-U27,2026-09-18,792,166,626,-460,W
WZ26-U27,2026-09-21,398,245,153,92,W
WZ26-U27,2026-09-22,430,104,326,-222,W
WZ26-U27,2026-09-23,889,231,658,-427,W
WZ26-U27,2026-09-24,324,223,101,122,W
WZ26-U27,2026-09-25,627,298,329,-31,W
WZ26-U27,2026-09-28,371,156,215,-59,W
WZ26-U27,2026-09-29,176,99,77,22,W
WZ26-U27,2026-09-30,624,365,259,106,W
WZ26-Z27,2026-09-01,386,342,44,298,W
WZ26-Z27,2026-09-02,129,101,28,73,W
WZ26-Z27,2026-09-03,264,156,108,48,W
WZ26-Z27,2026-09-04,249,184,65,119,W
WZ26-Z27,2026-09-08,469,346,123,223,W
WZ26-Z27,2026-09-09,106,53,53,0,W
WZ26-Z27,2026-09-10,132,121,11,110,W
WZ26-Z27,2026-09-11,228,199,29,170,W
WZ26-Z27,2026-09-14,345,207,138,69,W
WZ26-Z27,2026-09-15,211,164,47,117,W
WZ26-Z27,2026-09-16,135,106,29,77,W
WZ26-Z27,2026-09-17,101,85,16,69,W
WZ26-Z27,2026-09-18,58,31,27,4,W
WZ26-Z27,2026-09-21,71,48,23,25,W
WZ26-Z27,2026-09-22,126,36,90,-54,W
WZ26-Z27,2026-09-23,122,57,65,-8,W
WZ26-Z27,2026-09-24,122,65,57,8,W
WZ26-Z27,2026-09-25,294,184,110,74,W
WZ26-Z27,2026-09-28,122,95,27,68,W
WZ26-Z27,2026-09-29,32,11,21,-10,W
WZ26-Z27,2026-09-30,150,62,88,-26,W
